init_delta_t,init_sigma_position_memory,weight_memory_decay,spatial_dist_coeff,layout,steps,error
0.9,4.5,0.5,1.0,L0,65.34,2.23
0.9,4.5,0.5,1.0,L50,27.6,3.94
0.9,4.5,0.5,1.0,L100,23.62,3.43
0.9,4.5,0.5,1.5,L0,58.4,0.73
0.9,4.5,0.5,1.5,L50,42.46,2.79
0.9,4.5,0.5,1.5,L100,48.24,3.55
0.9,4.5,0.5,2.0,L0,65.14,1.07
0.9,4.5,0.5,2.0,L50,53.2,2.15
0.9,4.5,0.5,2.0,L100,45.18,3.57
0.9,4.5,0.5,2.5,L0,72.74,0.94
0.9,4.5,0.5,2.5,L50,52.84,2.5
0.9,4.5,0.5,2.5,L100,48.32,3.61
0.9,4.5,0.5,3.0,L0,71.46,1.04
0.9,4.5,0.5,3.0,L50,60.82,1.7
0.9,4.5,0.5,3.0,L100,43.08,3.03
0.9,4.5,0.5,3.5,L0,70.48,1.17
0.9,4.5,0.5,3.5,L50,64.78,1.45
0.9,4.5,0.5,3.5,L100,41.38,2.42
0.9,4.5,0.5,4.0,L0,53.8,1.03
0.9,4.5,0.5,4.0,L50,43.38,0.92
0.9,4.5,0.5,4.0,L100,54.86,2.59
0.9,4.5,0.5,4.5,L0,45.58,0.95
0.9,4.5,0.5,4.5,L50,41.92,0.94
0.9,4.5,0.5,4.5,L100,59.38,1.38
0.9,4.5,0.5,5.0,L0,50.08,1.07
0.9,4.5,0.5,5.0,L50,55.36,0.79
0.9,4.5,0.5,5.0,L100,60.96,1.57
0.9,4.5,0.55,1.0,L0,66.3,2.06
0.9,4.5,0.55,1.0,L50,26.16,3.91
0.9,4.5,0.55,1.0,L100,23.46,3.6
0.9,4.5,0.55,1.5,L0,50.2,0.72
0.9,4.5,0.55,1.5,L50,47.86,3.42
0.9,4.5,0.55,1.5,L100,45.9,3.69
0.9,4.5,0.55,2.0,L0,60.94,0.83
0.9,4.5,0.55,2.0,L50,41.7,2.41
0.9,4.5,0.55,2.0,L100,44.8,2.86
0.9,4.5,0.55,2.5,L0,64.8,0.83
0.9,4.5,0.55,2.5,L50,55.24,2.09
0.9,4.5,0.55,2.5,L100,48.2,3.23
0.9,4.5,0.55,3.0,L0,60.6,0.75
0.9,4.5,0.55,3.0,L50,60.82,1.31
0.9,4.5,0.55,3.0,L100,42.94,2.25
0.9,4.5,0.55,3.5,L0,65.0,0.91
0.9,4.5,0.55,3.5,L50,53.98,1.09
0.9,4.5,0.55,3.5,L100,44.1,2.1
0.9,4.5,0.55,4.0,L0,51.34,1.16
0.9,4.5,0.55,4.0,L50,47.44,0.59
0.9,4.5,0.55,4.0,L100,54.24,2.2
0.9,4.5,0.55,4.5,L0,49.78,1.17
0.9,4.5,0.55,4.5,L50,47.72,0.93
0.9,4.5,0.55,4.5,L100,54.64,1.78
0.9,4.5,0.55,5.0,L0,43.26,0.84
0.9,4.5,0.55,5.0,L50,51.26,0.59
0.9,4.5,0.55,5.0,L100,58.96,1.5
0.9,4.5,0.6000000000000001,1.0,L0,70.92,1.98
0.9,4.5,0.6000000000000001,1.0,L50,22.08,3.61
0.9,4.5,0.6000000000000001,1.0,L100,22.78,3.6
0.9,4.5,0.6000000000000001,1.5,L0,58.72,1.12
0.9,4.5,0.6000000000000001,1.5,L50,38.96,2.78
0.9,4.5,0.6000000000000001,1.5,L100,44.72,3.39
0.9,4.5,0.6000000000000001,2.0,L0,57.86,0.79
0.9,4.5,0.6000000000000001,2.0,L50,47.92,2.63
0.9,4.5,0.6000000000000001,2.0,L100,39.46,3.17
0.9,4.5,0.6000000000000001,2.5,L0,63.88,0.99
0.9,4.5,0.6000000000000001,2.5,L50,56.94,1.78
0.9,4.5,0.6000000000000001,2.5,L100,36.36,3.13
0.9,4.5,0.6000000000000001,3.0,L0,65.68,0.96
0.9,4.5,0.6000000000000001,3.0,L50,62.88,1.32
0.9,4.5,0.6000000000000001,3.0,L100,44.08,2.89
0.9,4.5,0.6000000000000001,3.5,L0,58.66,1.06
0.9,4.5,0.6000000000000001,3.5,L50,54.28,1.24
0.9,4.5,0.6000000000000001,3.5,L100,39.3,2.07
0.9,4.5,0.6000000000000001,4.0,L0,53.84,1.19
0.9,4.5,0.6000000000000001,4.0,L50,43.48,0.62
0.9,4.5,0.6000000000000001,4.0,L100,52.78,2.16
0.9,4.5,0.6000000000000001,4.5,L0,39.36,1.08
0.9,4.5,0.6000000000000001,4.5,L50,49.86,0.72
0.9,4.5,0.6000000000000001,4.5,L100,45.42,1.32
0.9,4.5,0.6000000000000001,5.0,L0,51.4,0.79
0.9,4.5,0.6000000000000001,5.0,L50,61.98,0.69
0.9,4.5,0.6000000000000001,5.0,L100,58.84,1.46
0.9,4.5,0.6500000000000001,1.0,L0,66.2,1.78
0.9,4.5,0.6500000000000001,1.0,L50,23.14,3.93
0.9,4.5,0.6500000000000001,1.0,L100,25.2,4.38
0.9,4.5,0.6500000000000001,1.5,L0,52.82,1.06
0.9,4.5,0.6500000000000001,1.5,L50,35.5,3.03
0.9,4.5,0.6500000000000001,1.5,L100,40.4,3.46
0.9,4.5,0.6500000000000001,2.0,L0,59.9,1.46
0.9,4.5,0.6500000000000001,2.0,L50,40.96,2.33
0.9,4.5,0.6500000000000001,2.0,L100,43.64,2.99
0.9,4.5,0.6500000000000001,2.5,L0,61.9,1.38
0.9,4.5,0.6500000000000001,2.5,L50,55.92,1.49
0.9,4.5,0.6500000000000001,2.5,L100,41.02,3.56
0.9,4.5,0.6500000000000001,3.0,L0,66.5,1.12
0.9,4.5,0.6500000000000001,3.0,L50,63.78,1.47
0.9,4.5,0.6500000000000001,3.0,L100,49.56,3.08
0.9,4.5,0.6500000000000001,3.5,L0,64.4,0.84
0.9,4.5,0.6500000000000001,3.5,L50,46.64,0.84
0.9,4.5,0.6500000000000001,3.5,L100,47.8,2.17
0.9,4.5,0.6500000000000001,4.0,L0,50.32,1.64
0.9,4.5,0.6500000000000001,4.0,L50,49.64,0.74
0.9,4.5,0.6500000000000001,4.0,L100,66.84,1.99
0.9,4.5,0.6500000000000001,4.5,L0,53.9,1.3
0.9,4.5,0.6500000000000001,4.5,L50,55.08,0.55
0.9,4.5,0.6500000000000001,4.5,L100,62.96,1.24
0.9,4.5,0.6500000000000001,5.0,L0,46.66,1.19
0.9,4.5,0.6500000000000001,5.0,L50,53.96,0.57
0.9,4.5,0.6500000000000001,5.0,L100,55.9,1.22
0.9,4.5,0.7000000000000002,1.0,L0,64.04,1.72
0.9,4.5,0.7000000000000002,1.0,L50,20.76,3.86
0.9,4.5,0.7000000000000002,1.0,L100,22.38,3.7
0.9,4.5,0.7000000000000002,1.5,L0,54.26,0.84
0.9,4.5,0.7000000000000002,1.5,L50,32.06,3.52
0.9,4.5,0.7000000000000002,1.5,L100,33.74,3.34
0.9,4.5,0.7000000000000002,2.0,L0,55.14,0.98
0.9,4.5,0.7000000000000002,2.0,L50,45.62,2.16
0.9,4.5,0.7000000000000002,2.0,L100,35.48,2.91
0.9,4.5,0.7000000000000002,2.5,L0,61.04,0.88
0.9,4.5,0.7000000000000002,2.5,L50,60.02,1.4
0.9,4.5,0.7000000000000002,2.5,L100,46.62,3.08
0.9,4.5,0.7000000000000002,3.0,L0,68.84,0.8
0.9,4.5,0.7000000000000002,3.0,L50,68.6,1.07
0.9,4.5,0.7000000000000002,3.0,L100,49.32,2.73
0.9,4.5,0.7000000000000002,3.5,L0,72.54,1.22
0.9,4.5,0.7000000000000002,3.5,L50,55.78,1.09
0.9,4.5,0.7000000000000002,3.5,L100,51.62,2.05
0.9,4.5,0.7000000000000002,4.0,L0,50.06,1.45
0.9,4.5,0.7000000000000002,4.0,L50,57.5,0.97
0.9,4.5,0.7000000000000002,4.0,L100,52.2,1.98
0.9,4.5,0.7000000000000002,4.5,L0,42.38,0.88
0.9,4.5,0.7000000000000002,4.5,L50,51.84,0.66
0.9,4.5,0.7000000000000002,4.5,L100,59.46,1.39
0.9,4.5,0.7000000000000002,5.0,L0,61.58,1.38
0.9,4.5,0.7000000000000002,5.0,L50,57.32,0.55
0.9,4.5,0.7000000000000002,5.0,L100,59.04,0.97
0.9,4.5,0.7500000000000002,1.0,L0,73.92,1.6
0.9,4.5,0.7500000000000002,1.0,L50,21.12,3.49
0.9,4.5,0.7500000000000002,1.0,L100,22.32,3.08
0.9,4.5,0.7500000000000002,1.5,L0,53.0,0.81
0.9,4.5,0.7500000000000002,1.5,L50,28.32,2.93
0.9,4.5,0.7500000000000002,1.5,L100,25.76,3.15
0.9,4.5,0.7500000000000002,2.0,L0,55.08,0.73
0.9,4.5,0.7500000000000002,2.0,L50,47.96,2.71
0.9,4.5,0.7500000000000002,2.0,L100,35.12,2.99
0.9,4.5,0.7500000000000002,2.5,L0,58.68,0.86
0.9,4.5,0.7500000000000002,2.5,L50,57.98,1.0
0.9,4.5,0.7500000000000002,2.5,L100,39.0,2.94
0.9,4.5,0.7500000000000002,3.0,L0,66.14,1.41
0.9,4.5,0.7500000000000002,3.0,L50,62.78,0.61
0.9,4.5,0.7500000000000002,3.0,L100,44.98,1.99
0.9,4.5,0.7500000000000002,3.5,L0,62.82,0.93
0.9,4.5,0.7500000000000002,3.5,L50,48.04,0.64
0.9,4.5,0.7500000000000002,3.5,L100,49.8,1.93
0.9,4.5,0.7500000000000002,4.0,L0,46.42,1.32
0.9,4.5,0.7500000000000002,4.0,L50,52.1,0.64
0.9,4.5,0.7500000000000002,4.0,L100,60.54,1.41
0.9,4.5,0.7500000000000002,4.5,L0,48.46,0.95
0.9,4.5,0.7500000000000002,4.5,L50,56.3,0.51
0.9,4.5,0.7500000000000002,4.5,L100,64.58,0.92
0.9,4.5,0.7500000000000002,5.0,L0,53.78,0.86
0.9,4.5,0.7500000000000002,5.0,L50,55.1,0.72
0.9,4.5,0.7500000000000002,5.0,L100,61.24,0.86
0.9,4.5,0.8000000000000003,1.0,L0,68.8,1.44
0.9,4.5,0.8000000000000003,1.0,L50,21.1,3.81
0.9,4.5,0.8000000000000003,1.0,L100,20.96,3.71
0.9,4.5,0.8000000000000003,1.5,L0,63.74,1.16
0.9,4.5,0.8000000000000003,1.5,L50,28.38,3.24
0.9,4.5,0.8000000000000003,1.5,L100,22.08,2.86
0.9,4.5,0.8000000000000003,2.0,L0,60.12,0.53
0.9,4.5,0.8000000000000003,2.0,L50,50.8,2.29
0.9,4.5,0.8000000000000003,2.0,L100,34.1,3.03
0.9,4.5,0.8000000000000003,2.5,L0,63.4,1.21
0.9,4.5,0.8000000000000003,2.5,L50,70.48,0.67
0.9,4.5,0.8000000000000003,2.5,L100,48.68,3.12
0.9,4.5,0.8000000000000003,3.0,L0,59.18,0.87
0.9,4.5,0.8000000000000003,3.0,L50,70.24,0.9
0.9,4.5,0.8000000000000003,3.0,L100,56.7,1.97
0.9,4.5,0.8000000000000003,3.5,L0,70.22,1.32
0.9,4.5,0.8000000000000003,3.5,L50,53.56,0.6
0.9,4.5,0.8000000000000003,3.5,L100,67.54,1.91
0.9,4.5,0.8000000000000003,4.0,L0,56.24,1.05
0.9,4.5,0.8000000000000003,4.0,L50,52.32,0.64
0.9,4.5,0.8000000000000003,4.0,L100,61.66,1.47
0.9,4.5,0.8000000000000003,4.5,L0,53.96,1.33
0.9,4.5,0.8000000000000003,4.5,L50,60.26,0.66
0.9,4.5,0.8000000000000003,4.5,L100,61.24,0.77
0.9,4.5,0.8000000000000003,5.0,L0,53.96,1.2
0.9,4.5,0.8000000000000003,5.0,L50,63.54,1.04
0.9,4.5,0.8000000000000003,5.0,L100,54.32,0.65
0.9,4.5,0.8500000000000003,1.0,L0,66.8,1.28
0.9,4.5,0.8500000000000003,1.0,L50,18.52,3.59
0.9,4.5,0.8500000000000003,1.0,L100,20.3,3.29
0.9,4.5,0.8500000000000003,1.5,L0,53.34,0.85
0.9,4.5,0.8500000000000003,1.5,L50,22.72,3.13
0.9,4.5,0.8500000000000003,1.5,L100,23.26,2.96
0.9,4.5,0.8500000000000003,2.0,L0,57.86,0.94
0.9,4.5,0.8500000000000003,2.0,L50,50.36,1.78
0.9,4.5,0.8500000000000003,2.0,L100,35.32,2.87
0.9,4.5,0.8500000000000003,2.5,L0,60.94,1.02
0.9,4.5,0.8500000000000003,2.5,L50,67.6,1.41
0.9,4.5,0.8500000000000003,2.5,L100,49.56,2.52
0.9,4.5,0.8500000000000003,3.0,L0,65.44,1.53
0.9,4.5,0.8500000000000003,3.0,L50,65.34,0.59
0.9,4.5,0.8500000000000003,3.0,L100,56.64,2.39
0.9,4.5,0.8500000000000003,3.5,L0,67.96,1.21
0.9,4.5,0.8500000000000003,3.5,L50,53.04,0.48
0.9,4.5,0.8500000000000003,3.5,L100,65.78,1.73
0.9,4.5,0.8500000000000003,4.0,L0,56.56,1.24
0.9,4.5,0.8500000000000003,4.0,L50,58.4,0.66
0.9,4.5,0.8500000000000003,4.0,L100,62.9,0.99
0.9,4.5,0.8500000000000003,4.5,L0,48.82,1.19
0.9,4.5,0.8500000000000003,4.5,L50,56.0,1.26
0.9,4.5,0.8500000000000003,4.5,L100,60.76,1.19
0.9,4.5,0.8500000000000003,5.0,L0,55.64,1.12
0.9,4.5,0.8500000000000003,5.0,L50,53.42,0.9
0.9,4.5,0.8500000000000003,5.0,L100,56.34,0.47
0.9,4.5,0.9000000000000004,1.0,L0,74.42,1.49
0.9,4.5,0.9000000000000004,1.0,L50,18.76,3.87
0.9,4.5,0.9000000000000004,1.0,L100,20.08,3.34
0.9,4.5,0.9000000000000004,1.5,L0,60.76,0.92
0.9,4.5,0.9000000000000004,1.5,L50,27.44,2.5
0.9,4.5,0.9000000000000004,1.5,L100,21.54,3.07
0.9,4.5,0.9000000000000004,2.0,L0,64.16,0.88
0.9,4.5,0.9000000000000004,2.0,L50,58.7,1.4
0.9,4.5,0.9000000000000004,2.0,L100,34.92,3.41
0.9,4.5,0.9000000000000004,2.5,L0,66.62,1.26
0.9,4.5,0.9000000000000004,2.5,L50,66.46,0.98
0.9,4.5,0.9000000000000004,2.5,L100,56.76,2.57
0.9,4.5,0.9000000000000004,3.0,L0,69.12,1.52
0.9,4.5,0.9000000000000004,3.0,L50,68.6,0.58
0.9,4.5,0.9000000000000004,3.0,L100,67.96,1.99
0.9,4.5,0.9000000000000004,3.5,L0,72.52,1.76
0.9,4.5,0.9000000000000004,3.5,L50,46.62,0.51
0.9,4.5,0.9000000000000004,3.5,L100,66.44,1.32
0.9,4.5,0.9000000000000004,4.0,L0,46.2,0.69
0.9,4.5,0.9000000000000004,4.0,L50,60.9,0.62
0.9,4.5,0.9000000000000004,4.0,L100,57.78,0.92
0.9,4.5,0.9000000000000004,4.5,L0,56.18,1.6
0.9,4.5,0.9000000000000004,4.5,L50,61.78,0.79
0.9,4.5,0.9000000000000004,4.5,L100,64.02,0.65
0.9,4.5,0.9000000000000004,5.0,L0,60.96,1.67
0.9,4.5,0.9000000000000004,5.0,L50,56.86,1.18
0.9,4.5,0.9000000000000004,5.0,L100,65.82,0.51
0.9,4.5,0.9500000000000004,1.0,L0,82.02,1.14
0.9,4.5,0.9500000000000004,1.0,L50,19.92,3.77
0.9,4.5,0.9500000000000004,1.0,L100,18.44,3.76
0.9,4.5,0.9500000000000004,1.5,L0,62.86,0.86
0.9,4.5,0.9500000000000004,1.5,L50,29.56,2.72
0.9,4.5,0.9500000000000004,1.5,L100,19.84,3.52
0.9,4.5,0.9500000000000004,2.0,L0,59.32,0.88
0.9,4.5,0.9500000000000004,2.0,L50,50.56,0.89
0.9,4.5,0.9500000000000004,2.0,L100,42.3,3.38
0.9,4.5,0.9500000000000004,2.5,L0,61.46,1.18
0.9,4.5,0.9500000000000004,2.5,L50,64.02,0.8
0.9,4.5,0.9500000000000004,2.5,L100,64.22,2.21
0.9,4.5,0.9500000000000004,3.0,L0,66.04,1.56
0.9,4.5,0.9500000000000004,3.0,L50,70.22,0.5
0.9,4.5,0.9500000000000004,3.0,L100,73.54,2.09
0.9,4.5,0.9500000000000004,3.5,L0,67.46,1.24
0.9,4.5,0.9500000000000004,3.5,L50,57.32,0.76
0.9,4.5,0.9500000000000004,3.5,L100,60.22,1.71
0.9,4.5,0.9500000000000004,4.0,L0,50.82,1.33
0.9,4.5,0.9500000000000004,4.0,L50,55.34,0.86
0.9,4.5,0.9500000000000004,4.0,L100,71.5,0.67
0.9,4.5,0.9500000000000004,4.5,L0,55.14,1.14
0.9,4.5,0.9500000000000004,4.5,L50,55.7,0.89
0.9,4.5,0.9500000000000004,4.5,L100,67.34,0.62
0.9,4.5,0.9500000000000004,5.0,L0,56.54,1.5
0.9,4.5,0.9500000000000004,5.0,L50,55.26,1.23
0.9,4.5,0.9500000000000004,5.0,L100,60.96,0.68
0.9,4.5,1.0000000000000004,1.0,L0,75.56,1.35
0.9,4.5,1.0000000000000004,1.0,L50,19.32,3.19
0.9,4.5,1.0000000000000004,1.0,L100,19.4,3.36
0.9,4.5,1.0000000000000004,1.5,L0,66.76,0.96
0.9,4.5,1.0000000000000004,1.5,L50,42.82,2.37
0.9,4.5,1.0000000000000004,1.5,L100,26.02,2.92
0.9,4.5,1.0000000000000004,2.0,L0,65.52,1.15
0.9,4.5,1.0000000000000004,2.0,L50,59.0,0.78
0.9,4.5,1.0000000000000004,2.0,L100,37.98,2.01
0.9,4.5,1.0000000000000004,2.5,L0,56.14,0.92
0.9,4.5,1.0000000000000004,2.5,L50,75.7,0.75
0.9,4.5,1.0000000000000004,2.5,L100,64.44,1.69
0.9,4.5,1.0000000000000004,3.0,L0,63.32,1.65
0.9,4.5,1.0000000000000004,3.0,L50,67.38,0.54
0.9,4.5,1.0000000000000004,3.0,L100,74.24,1.04
0.9,4.5,1.0000000000000004,3.5,L0,70.84,1.33
0.9,4.5,1.0000000000000004,3.5,L50,55.22,1.03
0.9,4.5,1.0000000000000004,3.5,L100,72.6,0.91
0.9,4.5,1.0000000000000004,4.0,L0,60.34,1.69
0.9,4.5,1.0000000000000004,4.0,L50,59.7,1.34
0.9,4.5,1.0000000000000004,4.0,L100,67.26,0.76
0.9,4.5,1.0000000000000004,4.5,L0,63.92,1.2
0.9,4.5,1.0000000000000004,4.5,L50,55.6,2.09
0.9,4.5,1.0000000000000004,4.5,L100,69.56,0.81
0.9,4.5,1.0000000000000004,5.0,L0,59.12,1.08
0.9,4.5,1.0000000000000004,5.0,L50,48.56,0.69
0.9,4.5,1.0000000000000004,5.0,L100,53.02,0.56
0.9,5.0,0.5,1.0,L0,70.8,2.14
0.9,5.0,0.5,1.0,L50,25.36,4.12
0.9,5.0,0.5,1.0,L100,21.02,3.23
0.9,5.0,0.5,1.5,L0,74.14,1.15
0.9,5.0,0.5,1.5,L50,44.22,3.31
0.9,5.0,0.5,1.5,L100,57.74,3.45
0.9,5.0,0.5,2.0,L0,61.96,0.96
0.9,5.0,0.5,2.0,L50,48.12,2.59
0.9,5.0,0.5,2.0,L100,45.08,3.98
0.9,5.0,0.5,2.5,L0,74.44,1.16
0.9,5.0,0.5,2.5,L50,53.0,2.45
0.9,5.0,0.5,2.5,L100,46.58,3.06
0.9,5.0,0.5,3.0,L0,73.7,1.13
0.9,5.0,0.5,3.0,L50,59.5,1.52
0.9,5.0,0.5,3.0,L100,41.14,3.33
0.9,5.0,0.5,3.5,L0,78.24,1.29
0.9,5.0,0.5,3.5,L50,66.4,1.33
0.9,5.0,0.5,3.5,L100,41.42,2.55
0.9,5.0,0.5,4.0,L0,64.68,1.3
0.9,5.0,0.5,4.0,L50,54.1,0.89
0.9,5.0,0.5,4.0,L100,44.06,2.34
0.9,5.0,0.5,4.5,L0,52.3,1.13
0.9,5.0,0.5,4.5,L50,49.92,0.86
0.9,5.0,0.5,4.5,L100,56.02,2.22
0.9,5.0,0.5,5.0,L0,60.52,1.48
0.9,5.0,0.5,5.0,L50,51.14,1.02
0.9,5.0,0.5,5.0,L100,55.24,1.75
0.9,5.0,0.55,1.0,L0,70.26,1.91
0.9,5.0,0.55,1.0,L50,22.06,3.3
0.9,5.0,0.55,1.0,L100,21.52,3.65
0.9,5.0,0.55,1.5,L0,68.14,1.24
0.9,5.0,0.55,1.5,L50,47.34,3.14
0.9,5.0,0.55,1.5,L100,47.14,3.8
0.9,5.0,0.55,2.0,L0,64.08,1.05
0.9,5.0,0.55,2.0,L50,46.4,2.59
0.9,5.0,0.55,2.0,L100,40.14,3.58
0.9,5.0,0.55,2.5,L0,66.84,1.11
0.9,5.0,0.55,2.5,L50,53.84,2.44
0.9,5.0,0.55,2.5,L100,45.0,3.52
0.9,5.0,0.55,3.0,L0,72.3,1.08
0.9,5.0,0.55,3.0,L50,69.56,1.46
0.9,5.0,0.55,3.0,L100,43.42,3.63
0.9,5.0,0.55,3.5,L0,77.86,1.23
0.9,5.0,0.55,3.5,L50,65.7,1.69
0.9,5.0,0.55,3.5,L100,44.26,2.92
0.9,5.0,0.55,4.0,L0,75.54,1.59
0.9,5.0,0.55,4.0,L50,48.5,0.93
0.9,5.0,0.55,4.0,L100,50.6,2.55
0.9,5.0,0.55,4.5,L0,54.06,1.27
0.9,5.0,0.55,4.5,L50,49.34,0.8
0.9,5.0,0.55,4.5,L100,61.96,1.54
0.9,5.0,0.55,5.0,L0,64.0,1.05
0.9,5.0,0.55,5.0,L50,47.0,0.82
0.9,5.0,0.55,5.0,L100,52.16,1.17
0.9,5.0,0.6000000000000001,1.0,L0,74.56,2.02
0.9,5.0,0.6000000000000001,1.0,L50,24.02,3.73
0.9,5.0,0.6000000000000001,1.0,L100,23.32,4.07
0.9,5.0,0.6000000000000001,1.5,L0,66.08,0.96
0.9,5.0,0.6000000000000001,1.5,L50,42.12,3.03
0.9,5.0,0.6000000000000001,1.5,L100,45.52,3.1
0.9,5.0,0.6000000000000001,2.0,L0,61.96,1.15
0.9,5.0,0.6000000000000001,2.0,L50,44.5,2.83
0.9,5.0,0.6000000000000001,2.0,L100,42.26,2.92
0.9,5.0,0.6000000000000001,2.5,L0,73.1,0.98
0.9,5.0,0.6000000000000001,2.5,L50,54.02,2.49
0.9,5.0,0.6000000000000001,2.5,L100,42.46,3.2
0.9,5.0,0.6000000000000001,3.0,L0,70.88,0.84
0.9,5.0,0.6000000000000001,3.0,L50,72.72,1.72
0.9,5.0,0.6000000000000001,3.0,L100,47.22,3.06
0.9,5.0,0.6000000000000001,3.5,L0,67.62,1.51
0.9,5.0,0.6000000000000001,3.5,L50,63.84,0.92
0.9,5.0,0.6000000000000001,3.5,L100,47.52,2.89
0.9,5.0,0.6000000000000001,4.0,L0,69.04,1.22
0.9,5.0,0.6000000000000001,4.0,L50,51.02,0.78
0.9,5.0,0.6000000000000001,4.0,L100,53.96,2.16
0.9,5.0,0.6000000000000001,4.5,L0,58.84,1.25
0.9,5.0,0.6000000000000001,4.5,L50,51.42,0.88
0.9,5.0,0.6000000000000001,4.5,L100,63.4,2.26
0.9,5.0,0.6000000000000001,5.0,L0,61.74,1.81
0.9,5.0,0.6000000000000001,5.0,L50,51.94,0.83
0.9,5.0,0.6000000000000001,5.0,L100,47.32,1.09
0.9,5.0,0.6500000000000001,1.0,L0,68.2,2.11
0.9,5.0,0.6500000000000001,1.0,L50,20.82,3.79
0.9,5.0,0.6500000000000001,1.0,L100,22.04,2.92
0.9,5.0,0.6500000000000001,1.5,L0,65.0,1.29
0.9,5.0,0.6500000000000001,1.5,L50,41.6,3.2
0.9,5.0,0.6500000000000001,1.5,L100,32.64,3.07
0.9,5.0,0.6500000000000001,2.0,L0,58.18,0.91
0.9,5.0,0.6500000000000001,2.0,L50,49.88,2.09
0.9,5.0,0.6500000000000001,2.0,L100,39.96,2.99
0.9,5.0,0.6500000000000001,2.5,L0,68.26,0.93
0.9,5.0,0.6500000000000001,2.5,L50,60.9,1.64
0.9,5.0,0.6500000000000001,2.5,L100,41.5,3.07
0.9,5.0,0.6500000000000001,3.0,L0,61.7,0.91
0.9,5.0,0.6500000000000001,3.0,L50,74.4,1.3
0.9,5.0,0.6500000000000001,3.0,L100,46.66,2.9
0.9,5.0,0.6500000000000001,3.5,L0,65.1,1.04
0.9,5.0,0.6500000000000001,3.5,L50,59.08,0.82
0.9,5.0,0.6500000000000001,3.5,L100,44.16,1.93
0.9,5.0,0.6500000000000001,4.0,L0,69.48,1.03
0.9,5.0,0.6500000000000001,4.0,L50,52.04,1.11
0.9,5.0,0.6500000000000001,4.0,L100,60.92,1.91
0.9,5.0,0.6500000000000001,4.5,L0,61.14,0.79
0.9,5.0,0.6500000000000001,4.5,L50,53.78,0.78
0.9,5.0,0.6500000000000001,4.5,L100,47.96,1.25
0.9,5.0,0.6500000000000001,5.0,L0,60.52,1.23
0.9,5.0,0.6500000000000001,5.0,L50,51.66,0.67
0.9,5.0,0.6500000000000001,5.0,L100,53.54,1.26
0.9,5.0,0.7000000000000002,1.0,L0,62.52,1.82
0.9,5.0,0.7000000000000002,1.0,L50,19.12,3.27
0.9,5.0,0.7000000000000002,1.0,L100,21.36,3.72
0.9,5.0,0.7000000000000002,1.5,L0,67.0,1.64
0.9,5.0,0.7000000000000002,1.5,L50,37.82,2.6
0.9,5.0,0.7000000000000002,1.5,L100,34.54,3.65
0.9,5.0,0.7000000000000002,2.0,L0,69.14,1.14
0.9,5.0,0.7000000000000002,2.0,L50,51.48,2.88
0.9,5.0,0.7000000000000002,2.0,L100,39.36,3.04
0.9,5.0,0.7000000000000002,2.5,L0,63.36,1.24
0.9,5.0,0.7000000000000002,2.5,L50,65.4,1.67
0.9,5.0,0.7000000000000002,2.5,L100,41.54,3.14
0.9,5.0,0.7000000000000002,3.0,L0,67.84,1.22
0.9,5.0,0.7000000000000002,3.0,L50,73.68,1.33
0.9,5.0,0.7000000000000002,3.0,L100,46.98,2.72
0.9,5.0,0.7000000000000002,3.5,L0,65.62,0.92
0.9,5.0,0.7000000000000002,3.5,L50,66.16,0.99
0.9,5.0,0.7000000000000002,3.5,L100,54.24,1.86
0.9,5.0,0.7000000000000002,4.0,L0,72.94,1.44
0.9,5.0,0.7000000000000002,4.0,L50,56.64,0.85
0.9,5.0,0.7000000000000002,4.0,L100,52.48,1.58
0.9,5.0,0.7000000000000002,4.5,L0,63.2,1.85
0.9,5.0,0.7000000000000002,4.5,L50,60.36,1.36
0.9,5.0,0.7000000000000002,4.5,L100,60.88,1.48
0.9,5.0,0.7000000000000002,5.0,L0,66.62,1.78
0.9,5.0,0.7000000000000002,5.0,L50,60.4,0.45
0.9,5.0,0.7000000000000002,5.0,L100,48.14,0.66
0.9,5.0,0.7500000000000002,1.0,L0,74.4,1.62
0.9,5.0,0.7500000000000002,1.0,L50,19.94,3.7
0.9,5.0,0.7500000000000002,1.0,L100,19.5,3.41
0.9,5.0,0.7500000000000002,1.5,L0,75.74,1.26
0.9,5.0,0.7500000000000002,1.5,L50,30.34,3.44
0.9,5.0,0.7500000000000002,1.5,L100,32.32,3.17
0.9,5.0,0.7500000000000002,2.0,L0,62.98,1.21
0.9,5.0,0.7500000000000002,2.0,L50,40.36,3.08
0.9,5.0,0.7500000000000002,2.0,L100,36.86,3.4
0.9,5.0,0.7500000000000002,2.5,L0,61.08,1.12
0.9,5.0,0.7500000000000002,2.5,L50,65.82,1.99
0.9,5.0,0.7500000000000002,2.5,L100,40.9,3.11
0.9,5.0,0.7500000000000002,3.0,L0,72.04,1.87
0.9,5.0,0.7500000000000002,3.0,L50,75.4,0.86
0.9,5.0,0.7500000000000002,3.0,L100,45.38,2.6
0.9,5.0,0.7500000000000002,3.5,L0,64.2,1.05
0.9,5.0,0.7500000000000002,3.5,L50,59.5,0.82
0.9,5.0,0.7500000000000002,3.5,L100,56.38,1.64
0.9,5.0,0.7500000000000002,4.0,L0,62.0,0.94
0.9,5.0,0.7500000000000002,4.0,L50,59.92,1.21
0.9,5.0,0.7500000000000002,4.0,L100,57.62,1.48
0.9,5.0,0.7500000000000002,4.5,L0,62.4,1.64
0.9,5.0,0.7500000000000002,4.5,L50,64.74,1.69
0.9,5.0,0.7500000000000002,4.5,L100,53.22,0.86
0.9,5.0,0.7500000000000002,5.0,L0,68.26,1.56
0.9,5.0,0.7500000000000002,5.0,L50,55.6,0.64
0.9,5.0,0.7500000000000002,5.0,L100,53.8,0.77
0.9,5.0,0.8000000000000003,1.0,L0,78.1,1.74
0.9,5.0,0.8000000000000003,1.0,L50,20.4,3.14
0.9,5.0,0.8000000000000003,1.0,L100,20.1,3.3
0.9,5.0,0.8000000000000003,1.5,L0,67.96,1.32
0.9,5.0,0.8000000000000003,1.5,L50,25.66,3.12
0.9,5.0,0.8000000000000003,1.5,L100,24.46,2.84
0.9,5.0,0.8000000000000003,2.0,L0,65.8,1.06
0.9,5.0,0.8000000000000003,2.0,L50,46.98,2.12
0.9,5.0,0.8000000000000003,2.0,L100,35.6,3.53
0.9,5.0,0.8000000000000003,2.5,L0,60.32,1.43
0.9,5.0,0.8000000000000003,2.5,L50,72.74,1.07
0.9,5.0,0.8000000000000003,2.5,L100,37.94,3.3
0.9,5.0,0.8000000000000003,3.0,L0,69.36,1.82
0.9,5.0,0.8000000000000003,3.0,L50,70.88,1.04
0.9,5.0,0.8000000000000003,3.0,L100,55.78,2.2
0.9,5.0,0.8000000000000003,3.5,L0,59.52,0.89
0.9,5.0,0.8000000000000003,3.5,L50,65.5,0.9
0.9,5.0,0.8000000000000003,3.5,L100,57.22,1.91
0.9,5.0,0.8000000000000003,4.0,L0,69.38,0.94
0.9,5.0,0.8000000000000003,4.0,L50,57.76,1.5
0.9,5.0,0.8000000000000003,4.0,L100,68.7,1.33
0.9,5.0,0.8000000000000003,4.5,L0,60.48,1.38
0.9,5.0,0.8000000000000003,4.5,L50,60.2,1.19
0.9,5.0,0.8000000000000003,4.5,L100,63.16,0.87
0.9,5.0,0.8000000000000003,5.0,L0,59.94,1.3
0.9,5.0,0.8000000000000003,5.0,L50,63.18,0.94
0.9,5.0,0.8000000000000003,5.0,L100,62.54,0.71
0.9,5.0,0.8500000000000003,1.0,L0,72.72,1.7
0.9,5.0,0.8500000000000003,1.0,L50,22.52,3.22
0.9,5.0,0.8500000000000003,1.0,L100,20.28,3.33
0.9,5.0,0.8500000000000003,1.5,L0,73.36,1.18
0.9,5.0,0.8500000000000003,1.5,L50,28.16,2.88
0.9,5.0,0.8500000000000003,1.5,L100,24.98,2.89
0.9,5.0,0.8500000000000003,2.0,L0,69.3,1.04
0.9,5.0,0.8500000000000003,2.0,L50,52.66,2.21
0.9,5.0,0.8500000000000003,2.0,L100,29.76,3.17
0.9,5.0,0.8500000000000003,2.5,L0,66.72,1.36
0.9,5.0,0.8500000000000003,2.5,L50,66.04,1.09
0.9,5.0,0.8500000000000003,2.5,L100,45.76,3.15
0.9,5.0,0.8500000000000003,3.0,L0,69.7,2.06
0.9,5.0,0.8500000000000003,3.0,L50,63.16,1.08
0.9,5.0,0.8500000000000003,3.0,L100,60.06,1.79
0.9,5.0,0.8500000000000003,3.5,L0,61.22,1.25
0.9,5.0,0.8500000000000003,3.5,L50,53.14,0.66
0.9,5.0,0.8500000000000003,3.5,L100,63.88,1.46
0.9,5.0,0.8500000000000003,4.0,L0,66.18,1.77
0.9,5.0,0.8500000000000003,4.0,L50,59.6,1.26
0.9,5.0,0.8500000000000003,4.0,L100,69.48,1.04
0.9,5.0,0.8500000000000003,4.5,L0,63.6,1.04
0.9,5.0,0.8500000000000003,4.5,L50,65.04,0.83
0.9,5.0,0.8500000000000003,4.5,L100,64.46,0.77
0.9,5.0,0.8500000000000003,5.0,L0,54.9,1.13
0.9,5.0,0.8500000000000003,5.0,L50,61.68,0.96
0.9,5.0,0.8500000000000003,5.0,L100,70.78,0.65
0.9,5.0,0.9000000000000004,1.0,L0,74.34,1.61
0.9,5.0,0.9000000000000004,1.0,L50,18.52,3.91
0.9,5.0,0.9000000000000004,1.0,L100,19.48,3.77
0.9,5.0,0.9000000000000004,1.5,L0,72.4,1.33
0.9,5.0,0.9000000000000004,1.5,L50,33.84,2.68
0.9,5.0,0.9000000000000004,1.5,L100,18.74,3.04
0.9,5.0,0.9000000000000004,2.0,L0,65.7,1.04
0.9,5.0,0.9000000000000004,2.0,L50,57.02,1.96
0.9,5.0,0.9000000000000004,2.0,L100,34.92,3.71
0.9,5.0,0.9000000000000004,2.5,L0,63.62,1.49
0.9,5.0,0.9000000000000004,2.5,L50,66.46,0.76
0.9,5.0,0.9000000000000004,2.5,L100,48.56,2.35
0.9,5.0,0.9000000000000004,3.0,L0,62.52,1.41
0.9,5.0,0.9000000000000004,3.0,L50,57.16,1.01
0.9,5.0,0.9000000000000004,3.0,L100,57.12,2.43
0.9,5.0,0.9000000000000004,3.5,L0,63.18,1.67
0.9,5.0,0.9000000000000004,3.5,L50,67.74,1.06
0.9,5.0,0.9000000000000004,3.5,L100,72.56,1.79
0.9,5.0,0.9000000000000004,4.0,L0,63.62,1.86
0.9,5.0,0.9000000000000004,4.0,L50,53.78,1.43
0.9,5.0,0.9000000000000004,4.0,L100,65.5,1.06
0.9,5.0,0.9000000000000004,4.5,L0,58.84,1.49
0.9,5.0,0.9000000000000004,4.5,L50,59.88,0.8
0.9,5.0,0.9000000000000004,4.5,L100,65.64,0.75
0.9,5.0,0.9000000000000004,5.0,L0,63.84,1.41
0.9,5.0,0.9000000000000004,5.0,L50,72.58,1.11
0.9,5.0,0.9000000000000004,5.0,L100,71.56,0.66
0.9,5.0,0.9500000000000004,1.0,L0,78.96,1.28
0.9,5.0,0.9500000000000004,1.0,L50,17.72,3.94
0.9,5.0,0.9500000000000004,1.0,L100,18.8,3.78
0.9,5.0,0.9500000000000004,1.5,L0,69.88,1.31
0.9,5.0,0.9500000000000004,1.5,L50,31.04,3.27
0.9,5.0,0.9500000000000004,1.5,L100,18.48,3.38
0.9,5.0,0.9500000000000004,2.0,L0,70.34,0.95
0.9,5.0,0.9500000000000004,2.0,L50,60.58,1.69
0.9,5.0,0.9500000000000004,2.0,L100,38.28,3.61
0.9,5.0,0.9500000000000004,2.5,L0,73.62,0.83
0.9,5.0,0.9500000000000004,2.5,L50,61.9,0.58
0.9,5.0,0.9500000000000004,2.5,L100,58.4,2.74
0.9,5.0,0.9500000000000004,3.0,L0,68.82,1.78
0.9,5.0,0.9500000000000004,3.0,L50,64.92,1.25
0.9,5.0,0.9500000000000004,3.0,L100,81.6,1.73
0.9,5.0,0.9500000000000004,3.5,L0,64.86,1.38
0.9,5.0,0.9500000000000004,3.5,L50,55.16,0.96
0.9,5.0,0.9500000000000004,3.5,L100,73.9,1.24
0.9,5.0,0.9500000000000004,4.0,L0,67.2,1.68
0.9,5.0,0.9500000000000004,4.0,L50,59.94,1.42
0.9,5.0,0.9500000000000004,4.0,L100,66.86,0.56
0.9,5.0,0.9500000000000004,4.5,L0,60.0,1.04
0.9,5.0,0.9500000000000004,4.5,L50,57.68,1.12
0.9,5.0,0.9500000000000004,4.5,L100,67.14,0.79
0.9,5.0,0.9500000000000004,5.0,L0,61.2,2.21
0.9,5.0,0.9500000000000004,5.0,L50,62.76,0.97
0.9,5.0,0.9500000000000004,5.0,L100,65.86,0.67
0.9,5.0,1.0000000000000004,1.0,L0,68.82,1.09
0.9,5.0,1.0000000000000004,1.0,L50,18.28,3.82
0.9,5.0,1.0000000000000004,1.0,L100,18.36,3.54
0.9,5.0,1.0000000000000004,1.5,L0,78.62,1.36
0.9,5.0,1.0000000000000004,1.5,L50,42.66,2.43
0.9,5.0,1.0000000000000004,1.5,L100,20.82,2.87
0.9,5.0,1.0000000000000004,2.0,L0,72.18,1.39
0.9,5.0,1.0000000000000004,2.0,L50,61.58,1.15
0.9,5.0,1.0000000000000004,2.0,L100,54.48,2.6
0.9,5.0,1.0000000000000004,2.5,L0,66.34,1.09
0.9,5.0,1.0000000000000004,2.5,L50,82.02,0.74
0.9,5.0,1.0000000000000004,2.5,L100,59.1,1.62
0.9,5.0,1.0000000000000004,3.0,L0,66.36,1.11
0.9,5.0,1.0000000000000004,3.0,L50,74.68,1.42
0.9,5.0,1.0000000000000004,3.0,L100,74.24,1.11
0.9,5.0,1.0000000000000004,3.5,L0,74.18,1.3
0.9,5.0,1.0000000000000004,3.5,L50,59.06,1.23
0.9,5.0,1.0000000000000004,3.5,L100,72.88,1.03
0.9,5.0,1.0000000000000004,4.0,L0,66.12,1.06
0.9,5.0,1.0000000000000004,4.0,L50,61.14,1.05
0.9,5.0,1.0000000000000004,4.0,L100,65.3,1.02
0.9,5.0,1.0000000000000004,4.5,L0,59.86,1.73
0.9,5.0,1.0000000000000004,4.5,L50,60.66,0.9
0.9,5.0,1.0000000000000004,4.5,L100,75.04,0.89
0.9,5.0,1.0000000000000004,5.0,L0,59.38,2.02
0.9,5.0,1.0000000000000004,5.0,L50,69.6,1.22
0.9,5.0,1.0000000000000004,5.0,L100,66.14,0.81
1.0,4.5,0.5,1.0,L0,66.08,1.99
1.0,4.5,0.5,1.0,L50,26.56,3.55
1.0,4.5,0.5,1.0,L100,29.08,3.78
1.0,4.5,0.5,1.5,L0,55.66,0.79
1.0,4.5,0.5,1.5,L50,48.82,3.27
1.0,4.5,0.5,1.5,L100,55.76,3.71
1.0,4.5,0.5,2.0,L0,59.58,0.66
1.0,4.5,0.5,2.0,L50,55.7,2.64
1.0,4.5,0.5,2.0,L100,45.66,3.29
1.0,4.5,0.5,2.5,L0,69.58,1.03
1.0,4.5,0.5,2.5,L50,58.22,2.04
1.0,4.5,0.5,2.5,L100,52.48,2.96
1.0,4.5,0.5,3.0,L0,70.1,1.17
1.0,4.5,0.5,3.0,L50,55.9,1.53
1.0,4.5,0.5,3.0,L100,44.26,2.87
1.0,4.5,0.5,3.5,L0,71.86,1.29
1.0,4.5,0.5,3.5,L50,57.86,1.79
1.0,4.5,0.5,3.5,L100,42.66,2.33
1.0,4.5,0.5,4.0,L0,46.04,0.8
1.0,4.5,0.5,4.0,L50,46.08,0.97
1.0,4.5,0.5,4.0,L100,53.96,2.86
1.0,4.5,0.5,4.5,L0,48.68,0.98
1.0,4.5,0.5,4.5,L50,47.56,0.77
1.0,4.5,0.5,4.5,L100,55.6,1.62
1.0,4.5,0.5,5.0,L0,52.44,1.03
1.0,4.5,0.5,5.0,L50,51.3,0.87
1.0,4.5,0.5,5.0,L100,52.86,1.16
1.0,4.5,0.55,1.0,L0,64.02,2.04
1.0,4.5,0.55,1.0,L50,22.64,3.9
1.0,4.5,0.55,1.0,L100,23.82,3.31
1.0,4.5,0.55,1.5,L0,61.32,1.0
1.0,4.5,0.55,1.5,L50,38.54,3.06
1.0,4.5,0.55,1.5,L100,45.72,3.33
1.0,4.5,0.55,2.0,L0,68.56,1.07
1.0,4.5,0.55,2.0,L50,42.38,2.7
1.0,4.5,0.55,2.0,L100,42.68,2.59
1.0,4.5,0.55,2.5,L0,56.78,1.03
1.0,4.5,0.55,2.5,L50,60.22,1.89
1.0,4.5,0.55,2.5,L100,47.78,3.21
1.0,4.5,0.55,3.0,L0,71.76,0.87
1.0,4.5,0.55,3.0,L50,66.74,1.31
1.0,4.5,0.55,3.0,L100,36.22,2.88
1.0,4.5,0.55,3.5,L0,72.18,1.02
1.0,4.5,0.55,3.5,L50,53.86,0.94
1.0,4.5,0.55,3.5,L100,43.06,2.95
1.0,4.5,0.55,4.0,L0,47.16,1.15
1.0,4.5,0.55,4.0,L50,49.06,1.05
1.0,4.5,0.55,4.0,L100,53.3,2.19
1.0,4.5,0.55,4.5,L0,49.8,1.04
1.0,4.5,0.55,4.5,L50,48.48,1.08
1.0,4.5,0.55,4.5,L100,54.0,1.48
1.0,4.5,0.55,5.0,L0,56.68,0.78
1.0,4.5,0.55,5.0,L50,55.78,0.6
1.0,4.5,0.55,5.0,L100,56.54,1.22
1.0,4.5,0.6000000000000001,1.0,L0,65.08,1.65
1.0,4.5,0.6000000000000001,1.0,L50,23.74,3.48
1.0,4.5,0.6000000000000001,1.0,L100,23.8,3.69
1.0,4.5,0.6000000000000001,1.5,L0,57.96,0.75
1.0,4.5,0.6000000000000001,1.5,L50,38.72,3.25
1.0,4.5,0.6000000000000001,1.5,L100,43.76,3.56
1.0,4.5,0.6000000000000001,2.0,L0,60.9,1.01
1.0,4.5,0.6000000000000001,2.0,L50,43.44,2.49
1.0,4.5,0.6000000000000001,2.0,L100,41.4,3.07
1.0,4.5,0.6000000000000001,2.5,L0,61.24,1.02
1.0,4.5,0.6000000000000001,2.5,L50,54.26,1.86
1.0,4.5,0.6000000000000001,2.5,L100,43.12,2.71
1.0,4.5,0.6000000000000001,3.0,L0,68.36,0.98
1.0,4.5,0.6000000000000001,3.0,L50,68.74,1.13
1.0,4.5,0.6000000000000001,3.0,L100,43.24,2.76
1.0,4.5,0.6000000000000001,3.5,L0,67.94,1.03
1.0,4.5,0.6000000000000001,3.5,L50,54.6,0.95
1.0,4.5,0.6000000000000001,3.5,L100,52.92,2.61
1.0,4.5,0.6000000000000001,4.0,L0,47.86,1.21
1.0,4.5,0.6000000000000001,4.0,L50,46.56,1.23
1.0,4.5,0.6000000000000001,4.0,L100,51.34,2.03
1.0,4.5,0.6000000000000001,4.5,L0,45.84,1.44
1.0,4.5,0.6000000000000001,4.5,L50,48.34,0.68
1.0,4.5,0.6000000000000001,4.5,L100,59.74,1.8
1.0,4.5,0.6000000000000001,5.0,L0,50.54,1.04
1.0,4.5,0.6000000000000001,5.0,L50,50.56,0.49
1.0,4.5,0.6000000000000001,5.0,L100,52.94,1.1
1.0,4.5,0.6500000000000001,1.0,L0,63.82,1.82
1.0,4.5,0.6500000000000001,1.0,L50,23.04,3.81
1.0,4.5,0.6500000000000001,1.0,L100,21.58,3.54
1.0,4.5,0.6500000000000001,1.5,L0,59.88,1.31
1.0,4.5,0.6500000000000001,1.5,L50,38.04,3.07
1.0,4.5,0.6500000000000001,1.5,L100,39.18,3.29
1.0,4.5,0.6500000000000001,2.0,L0,60.12,1.5
1.0,4.5,0.6500000000000001,2.0,L50,44.22,2.54
1.0,4.5,0.6500000000000001,2.0,L100,33.2,3.23
1.0,4.5,0.6500000000000001,2.5,L0,63.14,1.26
1.0,4.5,0.6500000000000001,2.5,L50,56.2,1.8
1.0,4.5,0.6500000000000001,2.5,L100,42.24,2.94
1.0,4.5,0.6500000000000001,3.0,L0,69.5,1.22
1.0,4.5,0.6500000000000001,3.0,L50,69.06,1.02
1.0,4.5,0.6500000000000001,3.0,L100,44.94,2.32
1.0,4.5,0.6500000000000001,3.5,L0,70.4,0.99
1.0,4.5,0.6500000000000001,3.5,L50,48.16,0.74
1.0,4.5,0.6500000000000001,3.5,L100,45.7,1.58
1.0,4.5,0.6500000000000001,4.0,L0,48.56,1.12
1.0,4.5,0.6500000000000001,4.0,L50,49.86,1.42
1.0,4.5,0.6500000000000001,4.0,L100,51.02,1.63
1.0,4.5,0.6500000000000001,4.5,L0,49.94,1.23
1.0,4.5,0.6500000000000001,4.5,L50,51.04,0.54
1.0,4.5,0.6500000000000001,4.5,L100,47.76,1.08
1.0,4.5,0.6500000000000001,5.0,L0,51.04,1.25
1.0,4.5,0.6500000000000001,5.0,L50,63.24,0.5
1.0,4.5,0.6500000000000001,5.0,L100,53.52,1.3
1.0,4.5,0.7000000000000002,1.0,L0,67.0,1.54
1.0,4.5,0.7000000000000002,1.0,L50,21.06,3.47
1.0,4.5,0.7000000000000002,1.0,L100,21.5,3.88
1.0,4.5,0.7000000000000002,1.5,L0,53.32,1.05
1.0,4.5,0.7000000000000002,1.5,L50,30.14,2.98
1.0,4.5,0.7000000000000002,1.5,L100,34.86,3.34
1.0,4.5,0.7000000000000002,2.0,L0,54.7,1.05
1.0,4.5,0.7000000000000002,2.0,L50,40.36,2.71
1.0,4.5,0.7000000000000002,2.0,L100,35.6,3.04
1.0,4.5,0.7000000000000002,2.5,L0,60.16,0.73
1.0,4.5,0.7000000000000002,2.5,L50,59.6,1.62
1.0,4.5,0.7000000000000002,2.5,L100,41.52,3.02
1.0,4.5,0.7000000000000002,3.0,L0,62.66,0.63
1.0,4.5,0.7000000000000002,3.0,L50,70.44,1.1
1.0,4.5,0.7000000000000002,3.0,L100,44.84,2.94
1.0,4.5,0.7000000000000002,3.5,L0,68.52,1.21
1.0,4.5,0.7000000000000002,3.5,L50,49.82,0.85
1.0,4.5,0.7000000000000002,3.5,L100,59.8,1.7
1.0,4.5,0.7000000000000002,4.0,L0,45.26,0.99
1.0,4.5,0.7000000000000002,4.0,L50,55.2,1.03
1.0,4.5,0.7000000000000002,4.0,L100,50.3,0.94
1.0,4.5,0.7000000000000002,4.5,L0,47.08,0.84
1.0,4.5,0.7000000000000002,4.5,L50,45.3,0.46
1.0,4.5,0.7000000000000002,4.5,L100,53.22,1.14
1.0,4.5,0.7000000000000002,5.0,L0,49.4,1.03
1.0,4.5,0.7000000000000002,5.0,L50,43.66,0.57
1.0,4.5,0.7000000000000002,5.0,L100,56.04,0.93
1.0,4.5,0.7500000000000002,1.0,L0,68.7,1.76
1.0,4.5,0.7500000000000002,1.0,L50,19.68,3.43
1.0,4.5,0.7500000000000002,1.0,L100,22.34,3.56
1.0,4.5,0.7500000000000002,1.5,L0,59.04,0.97
1.0,4.5,0.7500000000000002,1.5,L50,29.98,3.37
1.0,4.5,0.7500000000000002,1.5,L100,29.96,3.71
1.0,4.5,0.7500000000000002,2.0,L0,54.9,0.82
1.0,4.5,0.7500000000000002,2.0,L50,51.74,2.62
1.0,4.5,0.7500000000000002,2.0,L100,31.76,3.02
1.0,4.5,0.7500000000000002,2.5,L0,56.44,0.79
1.0,4.5,0.7500000000000002,2.5,L50,51.92,1.02
1.0,4.5,0.7500000000000002,2.5,L100,42.5,2.83
1.0,4.5,0.7500000000000002,3.0,L0,75.06,1.29
1.0,4.5,0.7500000000000002,3.0,L50,72.96,0.86
1.0,4.5,0.7500000000000002,3.0,L100,46.5,1.99
1.0,4.5,0.7500000000000002,3.5,L0,69.72,1.42
1.0,4.5,0.7500000000000002,3.5,L50,55.92,1.21
1.0,4.5,0.7500000000000002,3.5,L100,48.56,2.49
1.0,4.5,0.7500000000000002,4.0,L0,43.92,1.14
1.0,4.5,0.7500000000000002,4.0,L50,57.26,0.55
1.0,4.5,0.7500000000000002,4.0,L100,59.52,0.91
1.0,4.5,0.7500000000000002,4.5,L0,46.96,0.93
1.0,4.5,0.7500000000000002,4.5,L50,50.02,0.48
1.0,4.5,0.7500000000000002,4.5,L100,56.98,0.77
1.0,4.5,0.7500000000000002,5.0,L0,50.7,0.97
1.0,4.5,0.7500000000000002,5.0,L50,57.94,1.18
1.0,4.5,0.7500000000000002,5.0,L100,54.86,0.86
1.0,4.5,0.8000000000000003,1.0,L0,62.28,1.77
1.0,4.5,0.8000000000000003,1.0,L50,20.92,3.72
1.0,4.5,0.8000000000000003,1.0,L100,19.38,3.3
1.0,4.5,0.8000000000000003,1.5,L0,58.0,0.99
1.0,4.5,0.8000000000000003,1.5,L50,31.02,3.49
1.0,4.5,0.8000000000000003,1.5,L100,23.74,2.52
1.0,4.5,0.8000000000000003,2.0,L0,56.88,0.51
1.0,4.5,0.8000000000000003,2.0,L50,46.5,2.09
1.0,4.5,0.8000000000000003,2.0,L100,31.06,3.08
1.0,4.5,0.8000000000000003,2.5,L0,55.12,1.25
1.0,4.5,0.8000000000000003,2.5,L50,63.62,1.69
1.0,4.5,0.8000000000000003,2.5,L100,50.46,3.06
1.0,4.5,0.8000000000000003,3.0,L0,64.3,0.84
1.0,4.5,0.8000000000000003,3.0,L50,60.52,0.54
1.0,4.5,0.8000000000000003,3.0,L100,49.0,1.85
1.0,4.5,0.8000000000000003,3.5,L0,65.84,1.75
1.0,4.5,0.8000000000000003,3.5,L50,61.7,0.82
1.0,4.5,0.8000000000000003,3.5,L100,59.58,2.0
1.0,4.5,0.8000000000000003,4.0,L0,48.6,1.01
1.0,4.5,0.8000000000000003,4.0,L50,58.52,0.47
1.0,4.5,0.8000000000000003,4.0,L100,59.7,1.36
1.0,4.5,0.8000000000000003,4.5,L0,49.94,1.27
1.0,4.5,0.8000000000000003,4.5,L50,55.7,0.65
1.0,4.5,0.8000000000000003,4.5,L100,63.84,0.71
1.0,4.5,0.8000000000000003,5.0,L0,55.36,1.51
1.0,4.5,0.8000000000000003,5.0,L50,57.08,1.15
1.0,4.5,0.8000000000000003,5.0,L100,57.04,0.49
1.0,4.5,0.8500000000000003,1.0,L0,74.3,1.37
1.0,4.5,0.8500000000000003,1.0,L50,19.78,3.15
1.0,4.5,0.8500000000000003,1.0,L100,18.6,3.91
1.0,4.5,0.8500000000000003,1.5,L0,58.4,0.96
1.0,4.5,0.8500000000000003,1.5,L50,30.0,3.09
1.0,4.5,0.8500000000000003,1.5,L100,23.76,3.01
1.0,4.5,0.8500000000000003,2.0,L0,60.3,1.02
1.0,4.5,0.8500000000000003,2.0,L50,46.5,1.79
1.0,4.5,0.8500000000000003,2.0,L100,37.66,3.26
1.0,4.5,0.8500000000000003,2.5,L0,63.46,0.96
1.0,4.5,0.8500000000000003,2.5,L50,66.28,1.05
1.0,4.5,0.8500000000000003,2.5,L100,50.62,2.81
1.0,4.5,0.8500000000000003,3.0,L0,67.64,1.43
1.0,4.5,0.8500000000000003,3.0,L50,64.9,0.58
1.0,4.5,0.8500000000000003,3.0,L100,57.36,1.9
1.0,4.5,0.8500000000000003,3.5,L0,62.52,1.11
1.0,4.5,0.8500000000000003,3.5,L50,54.84,0.4
1.0,4.5,0.8500000000000003,3.5,L100,62.24,1.59
1.0,4.5,0.8500000000000003,4.0,L0,55.0,1.23
1.0,4.5,0.8500000000000003,4.0,L50,63.64,0.61
1.0,4.5,0.8500000000000003,4.0,L100,66.74,0.72
1.0,4.5,0.8500000000000003,4.5,L0,51.04,0.91
1.0,4.5,0.8500000000000003,4.5,L50,65.3,0.98
1.0,4.5,0.8500000000000003,4.5,L100,61.22,0.97
1.0,4.5,0.8500000000000003,5.0,L0,54.6,1.11
1.0,4.5,0.8500000000000003,5.0,L50,61.16,0.68
1.0,4.5,0.8500000000000003,5.0,L100,48.24,0.44
1.0,4.5,0.9000000000000004,1.0,L0,69.6,1.48
1.0,4.5,0.9000000000000004,1.0,L50,20.3,3.76
1.0,4.5,0.9000000000000004,1.0,L100,19.0,4.16
1.0,4.5,0.9000000000000004,1.5,L0,55.4,0.98
1.0,4.5,0.9000000000000004,1.5,L50,29.84,2.84
1.0,4.5,0.9000000000000004,1.5,L100,24.08,3.28
1.0,4.5,0.9000000000000004,2.0,L0,62.16,1.08
1.0,4.5,0.9000000000000004,2.0,L50,62.76,1.46
1.0,4.5,0.9000000000000004,2.0,L100,37.8,2.75
1.0,4.5,0.9000000000000004,2.5,L0,62.04,1.15
1.0,4.5,0.9000000000000004,2.5,L50,75.66,1.83
1.0,4.5,0.9000000000000004,2.5,L100,59.12,2.63
1.0,4.5,0.9000000000000004,3.0,L0,62.76,1.17
1.0,4.5,0.9000000000000004,3.0,L50,70.8,0.89
1.0,4.5,0.9000000000000004,3.0,L100,69.8,2.07
1.0,4.5,0.9000000000000004,3.5,L0,71.82,1.54
1.0,4.5,0.9000000000000004,3.5,L50,54.46,0.59
1.0,4.5,0.9000000000000004,3.5,L100,70.0,1.15
1.0,4.5,0.9000000000000004,4.0,L0,52.44,0.85
1.0,4.5,0.9000000000000004,4.0,L50,62.46,0.55
1.0,4.5,0.9000000000000004,4.0,L100,66.18,1.25
1.0,4.5,0.9000000000000004,4.5,L0,51.04,1.05
1.0,4.5,0.9000000000000004,4.5,L50,58.92,0.94
1.0,4.5,0.9000000000000004,4.5,L100,70.22,0.81
1.0,4.5,0.9000000000000004,5.0,L0,62.86,1.24
1.0,4.5,0.9000000000000004,5.0,L50,55.66,0.92
1.0,4.5,0.9000000000000004,5.0,L100,58.08,0.5
1.0,4.5,0.9500000000000004,1.0,L0,74.86,1.36
1.0,4.5,0.9500000000000004,1.0,L50,19.88,3.31
1.0,4.5,0.9500000000000004,1.0,L100,17.68,3.39
1.0,4.5,0.9500000000000004,1.5,L0,63.5,1.35
1.0,4.5,0.9500000000000004,1.5,L50,29.3,2.69
1.0,4.5,0.9500000000000004,1.5,L100,19.6,3.03
1.0,4.5,0.9500000000000004,2.0,L0,70.78,1.41
1.0,4.5,0.9500000000000004,2.0,L50,54.72,1.02
1.0,4.5,0.9500000000000004,2.0,L100,41.98,3.87
1.0,4.5,0.9500000000000004,2.5,L0,60.56,1.3
1.0,4.5,0.9500000000000004,2.5,L50,72.08,0.89
1.0,4.5,0.9500000000000004,2.5,L100,57.38,2.3
1.0,4.5,0.9500000000000004,3.0,L0,67.14,1.55
1.0,4.5,0.9500000000000004,3.0,L50,64.32,0.61
1.0,4.5,0.9500000000000004,3.0,L100,63.54,1.28
1.0,4.5,0.9500000000000004,3.5,L0,69.72,1.55
1.0,4.5,0.9500000000000004,3.5,L50,58.52,0.93
1.0,4.5,0.9500000000000004,3.5,L100,61.6,1.28
1.0,4.5,0.9500000000000004,4.0,L0,56.98,1.22
1.0,4.5,0.9500000000000004,4.0,L50,47.22,1.15
1.0,4.5,0.9500000000000004,4.0,L100,66.12,0.73
1.0,4.5,0.9500000000000004,4.5,L0,61.52,1.13
1.0,4.5,0.9500000000000004,4.5,L50,58.44,0.85
1.0,4.5,0.9500000000000004,4.5,L100,67.34,0.72
1.0,4.5,0.9500000000000004,5.0,L0,62.36,1.74
1.0,4.5,0.9500000000000004,5.0,L50,54.88,0.99
1.0,4.5,0.9500000000000004,5.0,L100,68.2,0.64
1.0,4.5,1.0000000000000004,1.0,L0,70.04,1.08
1.0,4.5,1.0000000000000004,1.0,L50,19.04,3.27
1.0,4.5,1.0000000000000004,1.0,L100,18.52,3.76
1.0,4.5,1.0000000000000004,1.5,L0,57.82,0.83
1.0,4.5,1.0000000000000004,1.5,L50,42.0,2.51
1.0,4.5,1.0000000000000004,1.5,L100,22.3,3.22
1.0,4.5,1.0000000000000004,2.0,L0,66.28,1.15
1.0,4.5,1.0000000000000004,2.0,L50,62.62,0.84
1.0,4.5,1.0000000000000004,2.0,L100,53.38,2.27
1.0,4.5,1.0000000000000004,2.5,L0,56.8,1.19
1.0,4.5,1.0000000000000004,2.5,L50,76.24,0.94
1.0,4.5,1.0000000000000004,2.5,L100,68.98,1.75
1.0,4.5,1.0000000000000004,3.0,L0,63.68,1.7
1.0,4.5,1.0000000000000004,3.0,L50,76.74,0.6
1.0,4.5,1.0000000000000004,3.0,L100,70.94,1.07
1.0,4.5,1.0000000000000004,3.5,L0,71.7,1.45
1.0,4.5,1.0000000000000004,3.5,L50,56.4,0.84
1.0,4.5,1.0000000000000004,3.5,L100,72.26,1.23
1.0,4.5,1.0000000000000004,4.0,L0,52.46,1.77
1.0,4.5,1.0000000000000004,4.0,L50,62.06,1.61
1.0,4.5,1.0000000000000004,4.0,L100,75.34,0.83
1.0,4.5,1.0000000000000004,4.5,L0,57.86,1.26
1.0,4.5,1.0000000000000004,4.5,L50,63.32,1.27
1.0,4.5,1.0000000000000004,4.5,L100,69.4,0.7
1.0,4.5,1.0000000000000004,5.0,L0,69.34,1.74
1.0,4.5,1.0000000000000004,5.0,L50,55.78,1.14
1.0,4.5,1.0000000000000004,5.0,L100,63.64,0.51
1.0,5.0,0.5,1.0,L0,67.82,2.03
1.0,5.0,0.5,1.0,L50,22.22,3.75
1.0,5.0,0.5,1.0,L100,21.1,4.13
1.0,5.0,0.5,1.5,L0,63.52,1.01
1.0,5.0,0.5,1.5,L50,49.18,2.74
1.0,5.0,0.5,1.5,L100,47.1,3.19
1.0,5.0,0.5,2.0,L0,59.7,0.93
1.0,5.0,0.5,2.0,L50,57.42,2.68
1.0,5.0,0.5,2.0,L100,42.84,3.64
1.0,5.0,0.5,2.5,L0,68.8,1.0
1.0,5.0,0.5,2.5,L50,57.78,2.17
1.0,5.0,0.5,2.5,L100,49.78,2.81
1.0,5.0,0.5,3.0,L0,79.06,1.31
1.0,5.0,0.5,3.0,L50,60.28,1.71
1.0,5.0,0.5,3.0,L100,42.92,3.48
1.0,5.0,0.5,3.5,L0,73.72,1.11
1.0,5.0,0.5,3.5,L50,65.7,1.56
1.0,5.0,0.5,3.5,L100,40.86,2.45
1.0,5.0,0.5,4.0,L0,67.42,1.25
1.0,5.0,0.5,4.0,L50,55.5,0.76
1.0,5.0,0.5,4.0,L100,48.86,2.35
1.0,5.0,0.5,4.5,L0,59.62,1.2
1.0,5.0,0.5,4.5,L50,50.9,0.88
1.0,5.0,0.5,4.5,L100,54.76,1.78
1.0,5.0,0.5,5.0,L0,65.02,1.0
1.0,5.0,0.5,5.0,L50,51.8,1.18
1.0,5.0,0.5,5.0,L100,57.5,1.61
1.0,5.0,0.55,1.0,L0,66.04,2.37
1.0,5.0,0.55,1.0,L50,23.4,3.39
1.0,5.0,0.55,1.0,L100,24.46,3.45
1.0,5.0,0.55,1.5,L0,65.92,1.16
1.0,5.0,0.55,1.5,L50,41.64,3.35
1.0,5.0,0.55,1.5,L100,45.4,3.09
1.0,5.0,0.55,2.0,L0,64.32,0.99
1.0,5.0,0.55,2.0,L50,50.56,2.09
1.0,5.0,0.55,2.0,L100,48.64,3.04
1.0,5.0,0.55,2.5,L0,70.04,1.17
1.0,5.0,0.55,2.5,L50,54.62,2.24
1.0,5.0,0.55,2.5,L100,45.46,2.58
1.0,5.0,0.55,3.0,L0,74.58,1.31
1.0,5.0,0.55,3.0,L50,70.96,2.09
1.0,5.0,0.55,3.0,L100,39.78,3.31
1.0,5.0,0.55,3.5,L0,70.74,0.93
1.0,5.0,0.55,3.5,L50,70.36,1.33
1.0,5.0,0.55,3.5,L100,42.76,2.87
1.0,5.0,0.55,4.0,L0,69.84,1.43
1.0,5.0,0.55,4.0,L50,46.84,0.99
1.0,5.0,0.55,4.0,L100,60.4,2.56
1.0,5.0,0.55,4.5,L0,67.66,1.06
1.0,5.0,0.55,4.5,L50,48.66,0.89
1.0,5.0,0.55,4.5,L100,63.86,2.2
1.0,5.0,0.55,5.0,L0,60.34,0.85
1.0,5.0,0.55,5.0,L50,53.38,0.83
1.0,5.0,0.55,5.0,L100,57.48,1.39
1.0,5.0,0.6000000000000001,1.0,L0,61.1,1.82
1.0,5.0,0.6000000000000001,1.0,L50,19.42,3.48
1.0,5.0,0.6000000000000001,1.0,L100,21.66,3.22
1.0,5.0,0.6000000000000001,1.5,L0,69.92,1.35
1.0,5.0,0.6000000000000001,1.5,L50,40.06,3.2
1.0,5.0,0.6000000000000001,1.5,L100,40.82,3.26
1.0,5.0,0.6000000000000001,2.0,L0,59.8,0.88
1.0,5.0,0.6000000000000001,2.0,L50,41.9,2.51
1.0,5.0,0.6000000000000001,2.0,L100,42.82,3.33
1.0,5.0,0.6000000000000001,2.5,L0,63.72,1.21
1.0,5.0,0.6000000000000001,2.5,L50,52.28,2.55
1.0,5.0,0.6000000000000001,2.5,L100,40.62,3.49
1.0,5.0,0.6000000000000001,3.0,L0,66.92,0.79
1.0,5.0,0.6000000000000001,3.0,L50,65.68,1.26
1.0,5.0,0.6000000000000001,3.0,L100,36.6,2.58
1.0,5.0,0.6000000000000001,3.5,L0,71.52,1.32
1.0,5.0,0.6000000000000001,3.5,L50,57.02,0.99
1.0,5.0,0.6000000000000001,3.5,L100,48.12,2.26
1.0,5.0,0.6000000000000001,4.0,L0,64.92,1.21
1.0,5.0,0.6000000000000001,4.0,L50,52.04,1.02
1.0,5.0,0.6000000000000001,4.0,L100,52.88,1.93
1.0,5.0,0.6000000000000001,4.5,L0,68.88,1.06
1.0,5.0,0.6000000000000001,4.5,L50,47.84,0.84
1.0,5.0,0.6000000000000001,4.5,L100,61.74,2.41
1.0,5.0,0.6000000000000001,5.0,L0,58.44,1.5
1.0,5.0,0.6000000000000001,5.0,L50,56.76,0.8
1.0,5.0,0.6000000000000001,5.0,L100,53.24,1.18
1.0,5.0,0.6500000000000001,1.0,L0,72.64,1.7
1.0,5.0,0.6500000000000001,1.0,L50,19.36,3.78
1.0,5.0,0.6500000000000001,1.0,L100,21.22,3.47
1.0,5.0,0.6500000000000001,1.5,L0,58.3,1.53
1.0,5.0,0.6500000000000001,1.5,L50,45.4,3.26
1.0,5.0,0.6500000000000001,1.5,L100,37.1,3.33
1.0,5.0,0.6500000000000001,2.0,L0,58.42,0.86
1.0,5.0,0.6500000000000001,2.0,L50,52.0,2.63
1.0,5.0,0.6500000000000001,2.0,L100,41.48,3.22
1.0,5.0,0.6500000000000001,2.5,L0,68.2,1.05
1.0,5.0,0.6500000000000001,2.5,L50,63.38,1.88
1.0,5.0,0.6500000000000001,2.5,L100,38.48,2.89
1.0,5.0,0.6500000000000001,3.0,L0,56.96,0.96
1.0,5.0,0.6500000000000001,3.0,L50,66.2,1.07
1.0,5.0,0.6500000000000001,3.0,L100,32.18,2.76
1.0,5.0,0.6500000000000001,3.5,L0,64.62,1.01
1.0,5.0,0.6500000000000001,3.5,L50,61.64,1.11
1.0,5.0,0.6500000000000001,3.5,L100,47.02,2.18
1.0,5.0,0.6500000000000001,4.0,L0,74.92,0.9
1.0,5.0,0.6500000000000001,4.0,L50,53.48,0.81
1.0,5.0,0.6500000000000001,4.0,L100,48.56,1.77
1.0,5.0,0.6500000000000001,4.5,L0,62.76,1.03
1.0,5.0,0.6500000000000001,4.5,L50,60.52,0.83
1.0,5.0,0.6500000000000001,4.5,L100,55.86,1.43
1.0,5.0,0.6500000000000001,5.0,L0,58.22,1.52
1.0,5.0,0.6500000000000001,5.0,L50,59.52,0.86
1.0,5.0,0.6500000000000001,5.0,L100,51.06,1.15
1.0,5.0,0.7000000000000002,1.0,L0,68.44,1.93
1.0,5.0,0.7000000000000002,1.0,L50,19.12,3.64
1.0,5.0,0.7000000000000002,1.0,L100,20.84,3.54
1.0,5.0,0.7000000000000002,1.5,L0,74.44,1.62
1.0,5.0,0.7000000000000002,1.5,L50,34.02,4.27
1.0,5.0,0.7000000000000002,1.5,L100,29.38,2.97
1.0,5.0,0.7000000000000002,2.0,L0,64.5,1.05
1.0,5.0,0.7000000000000002,2.0,L50,37.76,2.43
1.0,5.0,0.7000000000000002,2.0,L100,31.86,2.83
1.0,5.0,0.7000000000000002,2.5,L0,67.0,1.41
1.0,5.0,0.7000000000000002,2.5,L50,59.38,1.74
1.0,5.0,0.7000000000000002,2.5,L100,50.8,3.16
1.0,5.0,0.7000000000000002,3.0,L0,62.66,1.26
1.0,5.0,0.7000000000000002,3.0,L50,72.06,1.18
1.0,5.0,0.7000000000000002,3.0,L100,45.98,2.55
1.0,5.0,0.7000000000000002,3.5,L0,67.0,0.93
1.0,5.0,0.7000000000000002,3.5,L50,61.28,0.94
1.0,5.0,0.7000000000000002,3.5,L100,46.62,1.8
1.0,5.0,0.7000000000000002,4.0,L0,72.16,1.29
1.0,5.0,0.7000000000000002,4.0,L50,58.6,0.85
1.0,5.0,0.7000000000000002,4.0,L100,62.04,1.8
1.0,5.0,0.7000000000000002,4.5,L0,68.2,1.44
1.0,5.0,0.7000000000000002,4.5,L50,55.96,1.02
1.0,5.0,0.7000000000000002,4.5,L100,53.16,0.89
1.0,5.0,0.7000000000000002,5.0,L0,63.24,1.71
1.0,5.0,0.7000000000000002,5.0,L50,61.02,0.46
1.0,5.0,0.7000000000000002,5.0,L100,58.96,0.71
1.0,5.0,0.7500000000000002,1.0,L0,76.5,2.01
1.0,5.0,0.7500000000000002,1.0,L50,19.94,3.54
1.0,5.0,0.7500000000000002,1.0,L100,19.32,3.63
1.0,5.0,0.7500000000000002,1.5,L0,66.34,1.62
1.0,5.0,0.7500000000000002,1.5,L50,27.52,3.16
1.0,5.0,0.7500000000000002,1.5,L100,23.28,3.26
1.0,5.0,0.7500000000000002,2.0,L0,60.74,1.27
1.0,5.0,0.7500000000000002,2.0,L50,41.96,3.01
1.0,5.0,0.7500000000000002,2.0,L100,38.02,3.8
1.0,5.0,0.7500000000000002,2.5,L0,62.18,1.17
1.0,5.0,0.7500000000000002,2.5,L50,62.86,1.41
1.0,5.0,0.7500000000000002,2.5,L100,37.24,2.86
1.0,5.0,0.7500000000000002,3.0,L0,70.76,1.52
1.0,5.0,0.7500000000000002,3.0,L50,74.8,0.9
1.0,5.0,0.7500000000000002,3.0,L100,47.28,2.4
1.0,5.0,0.7500000000000002,3.5,L0,72.02,1.7
1.0,5.0,0.7500000000000002,3.5,L50,69.88,0.9
1.0,5.0,0.7500000000000002,3.5,L100,48.0,1.33
1.0,5.0,0.7500000000000002,4.0,L0,65.52,1.32
1.0,5.0,0.7500000000000002,4.0,L50,57.86,0.99
1.0,5.0,0.7500000000000002,4.0,L100,47.3,1.39
1.0,5.0,0.7500000000000002,4.5,L0,60.0,1.92
1.0,5.0,0.7500000000000002,4.5,L50,68.06,1.4
1.0,5.0,0.7500000000000002,4.5,L100,52.42,0.77
1.0,5.0,0.7500000000000002,5.0,L0,63.66,1.78
1.0,5.0,0.7500000000000002,5.0,L50,60.32,0.45
1.0,5.0,0.7500000000000002,5.0,L100,61.0,0.8
1.0,5.0,0.8000000000000003,1.0,L0,73.94,1.84
1.0,5.0,0.8000000000000003,1.0,L50,18.72,3.21
1.0,5.0,0.8000000000000003,1.0,L100,19.88,3.73
1.0,5.0,0.8000000000000003,1.5,L0,75.3,1.71
1.0,5.0,0.8000000000000003,1.5,L50,26.16,3.37
1.0,5.0,0.8000000000000003,1.5,L100,27.14,3.25
1.0,5.0,0.8000000000000003,2.0,L0,68.96,1.21
1.0,5.0,0.8000000000000003,2.0,L50,45.34,2.63
1.0,5.0,0.8000000000000003,2.0,L100,33.92,3.62
1.0,5.0,0.8000000000000003,2.5,L0,59.98,1.14
1.0,5.0,0.8000000000000003,2.5,L50,70.08,1.33
1.0,5.0,0.8000000000000003,2.5,L100,41.44,3.16
1.0,5.0,0.8000000000000003,3.0,L0,66.74,1.88
1.0,5.0,0.8000000000000003,3.0,L50,67.2,1.05
1.0,5.0,0.8000000000000003,3.0,L100,49.46,2.12
1.0,5.0,0.8000000000000003,3.5,L0,69.38,1.23
1.0,5.0,0.8000000000000003,3.5,L50,60.42,1.0
1.0,5.0,0.8000000000000003,3.5,L100,60.62,1.9
1.0,5.0,0.8000000000000003,4.0,L0,66.12,1.34
1.0,5.0,0.8000000000000003,4.0,L50,55.98,0.97
1.0,5.0,0.8000000000000003,4.0,L100,56.02,1.39
1.0,5.0,0.8000000000000003,4.5,L0,59.9,1.43
1.0,5.0,0.8000000000000003,4.5,L50,65.64,1.48
1.0,5.0,0.8000000000000003,4.5,L100,60.18,0.6
1.0,5.0,0.8000000000000003,5.0,L0,57.96,1.58
1.0,5.0,0.8000000000000003,5.0,L50,60.24,0.63
1.0,5.0,0.8000000000000003,5.0,L100,70.16,0.71
1.0,5.0,0.8500000000000003,1.0,L0,69.4,1.58
1.0,5.0,0.8500000000000003,1.0,L50,20.52,3.27
1.0,5.0,0.8500000000000003,1.0,L100,19.4,3.35
1.0,5.0,0.8500000000000003,1.5,L0,71.14,1.37
1.0,5.0,0.8500000000000003,1.5,L50,31.64,2.69
1.0,5.0,0.8500000000000003,1.5,L100,26.62,3.31
1.0,5.0,0.8500000000000003,2.0,L0,72.32,1.06
1.0,5.0,0.8500000000000003,2.0,L50,50.54,2.13
1.0,5.0,0.8500000000000003,2.0,L100,31.78,3.75
1.0,5.0,0.8500000000000003,2.5,L0,62.38,1.3
1.0,5.0,0.8500000000000003,2.5,L50,66.62,1.09
1.0,5.0,0.8500000000000003,2.5,L100,45.54,2.96
1.0,5.0,0.8500000000000003,3.0,L0,74.26,1.64
1.0,5.0,0.8500000000000003,3.0,L50,70.24,1.31
1.0,5.0,0.8500000000000003,3.0,L100,54.82,2.27
1.0,5.0,0.8500000000000003,3.5,L0,71.4,1.67
1.0,5.0,0.8500000000000003,3.5,L50,69.68,1.09
1.0,5.0,0.8500000000000003,3.5,L100,70.52,2.37
1.0,5.0,0.8500000000000003,4.0,L0,68.6,1.67
1.0,5.0,0.8500000000000003,4.0,L50,64.28,1.23
1.0,5.0,0.8500000000000003,4.0,L100,63.78,0.85
1.0,5.0,0.8500000000000003,4.5,L0,63.38,1.13
1.0,5.0,0.8500000000000003,4.5,L50,64.74,1.0
1.0,5.0,0.8500000000000003,4.5,L100,60.24,0.93
1.0,5.0,0.8500000000000003,5.0,L0,57.58,1.35
1.0,5.0,0.8500000000000003,5.0,L50,61.28,1.02
1.0,5.0,0.8500000000000003,5.0,L100,65.44,0.74
1.0,5.0,0.9000000000000004,1.0,L0,72.12,1.34
1.0,5.0,0.9000000000000004,1.0,L50,18.16,3.61
1.0,5.0,0.9000000000000004,1.0,L100,18.76,3.89
1.0,5.0,0.9000000000000004,1.5,L0,80.58,1.25
1.0,5.0,0.9000000000000004,1.5,L50,27.4,2.93
1.0,5.0,0.9000000000000004,1.5,L100,21.74,3.64
1.0,5.0,0.9000000000000004,2.0,L0,70.38,0.81
1.0,5.0,0.9000000000000004,2.0,L50,55.9,1.72
1.0,5.0,0.9000000000000004,2.0,L100,25.94,3.62
1.0,5.0,0.9000000000000004,2.5,L0,71.1,1.73
1.0,5.0,0.9000000000000004,2.5,L50,76.38,1.32
1.0,5.0,0.9000000000000004,2.5,L100,46.98,2.48
1.0,5.0,0.9000000000000004,3.0,L0,73.92,1.44
1.0,5.0,0.9000000000000004,3.0,L50,71.66,1.09
1.0,5.0,0.9000000000000004,3.0,L100,58.46,2.27
1.0,5.0,0.9000000000000004,3.5,L0,75.28,1.88
1.0,5.0,0.9000000000000004,3.5,L50,60.92,1.19
1.0,5.0,0.9000000000000004,3.5,L100,70.34,1.68
1.0,5.0,0.9000000000000004,4.0,L0,61.94,1.62
1.0,5.0,0.9000000000000004,4.0,L50,59.44,1.15
1.0,5.0,0.9000000000000004,4.0,L100,69.38,1.29
1.0,5.0,0.9000000000000004,4.5,L0,53.68,1.23
1.0,5.0,0.9000000000000004,4.5,L50,62.54,0.9
1.0,5.0,0.9000000000000004,4.5,L100,65.24,0.83
1.0,5.0,0.9000000000000004,5.0,L0,64.48,2.07
1.0,5.0,0.9000000000000004,5.0,L50,66.48,0.91
1.0,5.0,0.9000000000000004,5.0,L100,65.34,0.68
1.0,5.0,0.9500000000000004,1.0,L0,81.9,1.31
1.0,5.0,0.9500000000000004,1.0,L50,19.12,3.31
1.0,5.0,0.9500000000000004,1.0,L100,18.12,3.84
1.0,5.0,0.9500000000000004,1.5,L0,69.46,1.37
1.0,5.0,0.9500000000000004,1.5,L50,29.8,3.09
1.0,5.0,0.9500000000000004,1.5,L100,19.24,3.32
1.0,5.0,0.9500000000000004,2.0,L0,74.18,1.1
1.0,5.0,0.9500000000000004,2.0,L50,68.6,1.81
1.0,5.0,0.9500000000000004,2.0,L100,43.06,3.6
1.0,5.0,0.9500000000000004,2.5,L0,61.72,0.99
1.0,5.0,0.9500000000000004,2.5,L50,73.3,1.08
1.0,5.0,0.9500000000000004,2.5,L100,60.66,2.61
1.0,5.0,0.9500000000000004,3.0,L0,72.34,1.6
1.0,5.0,0.9500000000000004,3.0,L50,67.82,0.72
1.0,5.0,0.9500000000000004,3.0,L100,75.08,2.46
1.0,5.0,0.9500000000000004,3.5,L0,62.28,1.14
1.0,5.0,0.9500000000000004,3.5,L50,56.56,1.11
1.0,5.0,0.9500000000000004,3.5,L100,70.02,1.62
1.0,5.0,0.9500000000000004,4.0,L0,67.1,1.33
1.0,5.0,0.9500000000000004,4.0,L50,52.44,1.3
1.0,5.0,0.9500000000000004,4.0,L100,62.96,0.99
1.0,5.0,0.9500000000000004,4.5,L0,55.86,1.76
1.0,5.0,0.9500000000000004,4.5,L50,60.14,1.02
1.0,5.0,0.9500000000000004,4.5,L100,69.34,0.86
1.0,5.0,0.9500000000000004,5.0,L0,68.86,2.36
1.0,5.0,0.9500000000000004,5.0,L50,69.32,1.06
1.0,5.0,0.9500000000000004,5.0,L100,70.9,0.61
1.0,5.0,1.0000000000000004,1.0,L0,70.8,1.1
1.0,5.0,1.0000000000000004,1.0,L50,17.92,3.61
1.0,5.0,1.0000000000000004,1.0,L100,19.68,3.62
1.0,5.0,1.0000000000000004,1.5,L0,77.28,1.29
1.0,5.0,1.0000000000000004,1.5,L50,37.86,2.46
1.0,5.0,1.0000000000000004,1.5,L100,18.76,2.88
1.0,5.0,1.0000000000000004,2.0,L0,75.16,1.48
1.0,5.0,1.0000000000000004,2.0,L50,61.22,1.1
1.0,5.0,1.0000000000000004,2.0,L100,46.74,2.67
1.0,5.0,1.0000000000000004,2.5,L0,60.86,1.1
1.0,5.0,1.0000000000000004,2.5,L50,71.4,0.92
1.0,5.0,1.0000000000000004,2.5,L100,65.12,1.82
1.0,5.0,1.0000000000000004,3.0,L0,67.62,1.67
1.0,5.0,1.0000000000000004,3.0,L50,69.98,1.15
1.0,5.0,1.0000000000000004,3.0,L100,79.44,1.27
1.0,5.0,1.0000000000000004,3.5,L0,62.58,1.1
1.0,5.0,1.0000000000000004,3.5,L50,62.92,1.02
1.0,5.0,1.0000000000000004,3.5,L100,70.24,1.06
1.0,5.0,1.0000000000000004,4.0,L0,67.44,1.2
1.0,5.0,1.0000000000000004,4.0,L50,60.3,1.54
1.0,5.0,1.0000000000000004,4.0,L100,77.28,1.1
1.0,5.0,1.0000000000000004,4.5,L0,66.06,1.68
1.0,5.0,1.0000000000000004,4.5,L50,69.52,1.52
1.0,5.0,1.0000000000000004,4.5,L100,64.68,0.77
1.0,5.0,1.0000000000000004,5.0,L0,64.62,1.85
1.0,5.0,1.0000000000000004,5.0,L50,63.3,1.32
1.0,5.0,1.0000000000000004,5.0,L100,63.16,0.74
1.1,4.5,0.5,1.0,L0,65.52,1.6
1.1,4.5,0.5,1.0,L50,22.3,3.35
1.1,4.5,0.5,1.0,L100,22.08,3.65
1.1,4.5,0.5,1.5,L0,54.96,0.92
1.1,4.5,0.5,1.5,L50,42.62,2.78
1.1,4.5,0.5,1.5,L100,48.14,3.65
1.1,4.5,0.5,2.0,L0,62.58,1.24
1.1,4.5,0.5,2.0,L50,51.38,2.69
1.1,4.5,0.5,2.0,L100,39.44,2.73
1.1,4.5,0.5,2.5,L0,62.18,0.98
1.1,4.5,0.5,2.5,L50,60.12,2.49
1.1,4.5,0.5,2.5,L100,50.82,3.49
1.1,4.5,0.5,3.0,L0,72.78,1.15
1.1,4.5,0.5,3.0,L50,62.04,1.74
1.1,4.5,0.5,3.0,L100,39.04,3.19
1.1,4.5,0.5,3.5,L0,68.86,0.92
1.1,4.5,0.5,3.5,L50,58.12,1.47
1.1,4.5,0.5,3.5,L100,46.42,2.25
1.1,4.5,0.5,4.0,L0,52.58,0.8
1.1,4.5,0.5,4.0,L50,48.14,0.93
1.1,4.5,0.5,4.0,L100,50.92,2.86
1.1,4.5,0.5,4.5,L0,44.5,0.86
1.1,4.5,0.5,4.5,L50,43.94,0.66
1.1,4.5,0.5,4.5,L100,56.32,1.46
1.1,4.5,0.5,5.0,L0,46.92,0.82
1.1,4.5,0.5,5.0,L50,44.66,0.94
1.1,4.5,0.5,5.0,L100,59.36,1.27
1.1,4.5,0.55,1.0,L0,64.66,2.17
1.1,4.5,0.55,1.0,L50,22.64,3.31
1.1,4.5,0.55,1.0,L100,22.44,3.64
1.1,4.5,0.55,1.5,L0,61.7,0.91
1.1,4.5,0.55,1.5,L50,46.76,3.44
1.1,4.5,0.55,1.5,L100,52.04,3.41
1.1,4.5,0.55,2.0,L0,60.42,0.73
1.1,4.5,0.55,2.0,L50,46.08,2.32
1.1,4.5,0.55,2.0,L100,44.48,2.9
1.1,4.5,0.55,2.5,L0,59.62,0.93
1.1,4.5,0.55,2.5,L50,58.94,2.51
1.1,4.5,0.55,2.5,L100,50.56,3.13
1.1,4.5,0.55,3.0,L0,71.86,1.15
1.1,4.5,0.55,3.0,L50,69.92,1.28
1.1,4.5,0.55,3.0,L100,40.14,2.94
1.1,4.5,0.55,3.5,L0,65.78,0.72
1.1,4.5,0.55,3.5,L50,59.4,1.29
1.1,4.5,0.55,3.5,L100,36.54,2.31
1.1,4.5,0.55,4.0,L0,56.26,1.08
1.1,4.5,0.55,4.0,L50,47.02,1.07
1.1,4.5,0.55,4.0,L100,52.58,1.96
1.1,4.5,0.55,4.5,L0,43.94,1.08
1.1,4.5,0.55,4.5,L50,48.22,1.13
1.1,4.5,0.55,4.5,L100,54.1,1.65
1.1,4.5,0.55,5.0,L0,53.64,0.75
1.1,4.5,0.55,5.0,L50,56.2,0.49
1.1,4.5,0.55,5.0,L100,51.42,1.03
1.1,4.5,0.6000000000000001,1.0,L0,65.96,1.69
1.1,4.5,0.6000000000000001,1.0,L50,22.44,3.02
1.1,4.5,0.6000000000000001,1.0,L100,21.54,3.62
1.1,4.5,0.6000000000000001,1.5,L0,55.16,0.97
1.1,4.5,0.6000000000000001,1.5,L50,48.6,3.29
1.1,4.5,0.6000000000000001,1.5,L100,37.6,3.04
1.1,4.5,0.6000000000000001,2.0,L0,67.46,1.2
1.1,4.5,0.6000000000000001,2.0,L50,46.32,2.74
1.1,4.5,0.6000000000000001,2.0,L100,37.36,3.4
1.1,4.5,0.6000000000000001,2.5,L0,69.72,1.1
1.1,4.5,0.6000000000000001,2.5,L50,61.02,1.48
1.1,4.5,0.6000000000000001,2.5,L100,44.76,3.27
1.1,4.5,0.6000000000000001,3.0,L0,70.8,0.72
1.1,4.5,0.6000000000000001,3.0,L50,62.94,1.34
1.1,4.5,0.6000000000000001,3.0,L100,35.62,2.6
1.1,4.5,0.6000000000000001,3.5,L0,66.94,0.98
1.1,4.5,0.6000000000000001,3.5,L50,49.36,0.76
1.1,4.5,0.6000000000000001,3.5,L100,42.02,2.43
1.1,4.5,0.6000000000000001,4.0,L0,61.66,1.21
1.1,4.5,0.6000000000000001,4.0,L50,46.28,0.93
1.1,4.5,0.6000000000000001,4.0,L100,56.1,1.47
1.1,4.5,0.6000000000000001,4.5,L0,51.76,1.59
1.1,4.5,0.6000000000000001,4.5,L50,57.76,0.94
1.1,4.5,0.6000000000000001,4.5,L100,50.76,1.44
1.1,4.5,0.6000000000000001,5.0,L0,50.58,1.62
1.1,4.5,0.6000000000000001,5.0,L50,54.06,0.5
1.1,4.5,0.6000000000000001,5.0,L100,57.54,1.11
1.1,4.5,0.6500000000000001,1.0,L0,65.42,1.92
1.1,4.5,0.6500000000000001,1.0,L50,20.38,3.37
1.1,4.5,0.6500000000000001,1.0,L100,23.48,3.54
1.1,4.5,0.6500000000000001,1.5,L0,56.16,1.0
1.1,4.5,0.6500000000000001,1.5,L50,43.1,2.98
1.1,4.5,0.6500000000000001,1.5,L100,40.22,3.47
1.1,4.5,0.6500000000000001,2.0,L0,58.72,1.01
1.1,4.5,0.6500000000000001,2.0,L50,43.32,2.23
1.1,4.5,0.6500000000000001,2.0,L100,43.52,3.27
1.1,4.5,0.6500000000000001,2.5,L0,62.9,1.16
1.1,4.5,0.6500000000000001,2.5,L50,67.42,1.72
1.1,4.5,0.6500000000000001,2.5,L100,45.7,3.2
1.1,4.5,0.6500000000000001,3.0,L0,71.06,1.19
1.1,4.5,0.6500000000000001,3.0,L50,63.54,1.24
1.1,4.5,0.6500000000000001,3.0,L100,44.3,2.08
1.1,4.5,0.6500000000000001,3.5,L0,71.92,0.77
1.1,4.5,0.6500000000000001,3.5,L50,54.4,0.72
1.1,4.5,0.6500000000000001,3.5,L100,56.18,2.14
1.1,4.5,0.6500000000000001,4.0,L0,46.42,1.2
1.1,4.5,0.6500000000000001,4.0,L50,46.66,0.73
1.1,4.5,0.6500000000000001,4.0,L100,54.26,1.75
1.1,4.5,0.6500000000000001,4.5,L0,38.84,0.77
1.1,4.5,0.6500000000000001,4.5,L50,55.0,0.42
1.1,4.5,0.6500000000000001,4.5,L100,57.84,1.64
1.1,4.5,0.6500000000000001,5.0,L0,46.78,1.34
1.1,4.5,0.6500000000000001,5.0,L50,52.22,0.58
1.1,4.5,0.6500000000000001,5.0,L100,56.24,1.52
1.1,4.5,0.7000000000000002,1.0,L0,66.28,1.41
1.1,4.5,0.7000000000000002,1.0,L50,24.26,3.67
1.1,4.5,0.7000000000000002,1.0,L100,23.02,3.71
1.1,4.5,0.7000000000000002,1.5,L0,62.64,1.22
1.1,4.5,0.7000000000000002,1.5,L50,30.86,3.54
1.1,4.5,0.7000000000000002,1.5,L100,32.62,3.28
1.1,4.5,0.7000000000000002,2.0,L0,61.2,1.05
1.1,4.5,0.7000000000000002,2.0,L50,45.22,2.61
1.1,4.5,0.7000000000000002,2.0,L100,40.04,3.1
1.1,4.5,0.7000000000000002,2.5,L0,64.9,0.84
1.1,4.5,0.7000000000000002,2.5,L50,66.78,1.46
1.1,4.5,0.7000000000000002,2.5,L100,48.76,3.31
1.1,4.5,0.7000000000000002,3.0,L0,69.4,0.95
1.1,4.5,0.7000000000000002,3.0,L50,68.14,1.31
1.1,4.5,0.7000000000000002,3.0,L100,46.8,2.86
1.1,4.5,0.7000000000000002,3.5,L0,69.1,1.21
1.1,4.5,0.7000000000000002,3.5,L50,59.38,0.9
1.1,4.5,0.7000000000000002,3.5,L100,54.06,1.78
1.1,4.5,0.7000000000000002,4.0,L0,41.2,0.78
1.1,4.5,0.7000000000000002,4.0,L50,48.32,0.83
1.1,4.5,0.7000000000000002,4.0,L100,48.94,1.25
1.1,4.5,0.7000000000000002,4.5,L0,48.7,1.05
1.1,4.5,0.7000000000000002,4.5,L50,54.6,0.55
1.1,4.5,0.7000000000000002,4.5,L100,56.52,1.19
1.1,4.5,0.7000000000000002,5.0,L0,53.26,1.13
1.1,4.5,0.7000000000000002,5.0,L50,49.02,0.61
1.1,4.5,0.7000000000000002,5.0,L100,52.1,0.76
1.1,4.5,0.7500000000000002,1.0,L0,69.8,1.94
1.1,4.5,0.7500000000000002,1.0,L50,24.3,3.63
1.1,4.5,0.7500000000000002,1.0,L100,21.24,3.48
1.1,4.5,0.7500000000000002,1.5,L0,54.3,0.93
1.1,4.5,0.7500000000000002,1.5,L50,25.6,2.75
1.1,4.5,0.7500000000000002,1.5,L100,28.22,3.38
1.1,4.5,0.7500000000000002,2.0,L0,54.76,1.35
1.1,4.5,0.7500000000000002,2.0,L50,43.02,2.66
1.1,4.5,0.7500000000000002,2.0,L100,43.02,3.69
1.1,4.5,0.7500000000000002,2.5,L0,61.74,1.01
1.1,4.5,0.7500000000000002,2.5,L50,62.0,1.27
1.1,4.5,0.7500000000000002,2.5,L100,45.84,3.15
1.1,4.5,0.7500000000000002,3.0,L0,72.04,1.28
1.1,4.5,0.7500000000000002,3.0,L50,64.88,0.96
1.1,4.5,0.7500000000000002,3.0,L100,47.56,2.39
1.1,4.5,0.7500000000000002,3.5,L0,62.0,1.31
1.1,4.5,0.7500000000000002,3.5,L50,52.64,0.75
1.1,4.5,0.7500000000000002,3.5,L100,55.92,2.34
1.1,4.5,0.7500000000000002,4.0,L0,48.72,1.37
1.1,4.5,0.7500000000000002,4.0,L50,61.42,0.58
1.1,4.5,0.7500000000000002,4.0,L100,54.12,1.68
1.1,4.5,0.7500000000000002,4.5,L0,48.5,0.98
1.1,4.5,0.7500000000000002,4.5,L50,54.46,0.49
1.1,4.5,0.7500000000000002,4.5,L100,53.72,0.67
1.1,4.5,0.7500000000000002,5.0,L0,52.22,0.91
1.1,4.5,0.7500000000000002,5.0,L50,61.18,0.89
1.1,4.5,0.7500000000000002,5.0,L100,51.46,0.43
1.1,4.5,0.8000000000000003,1.0,L0,76.46,1.33
1.1,4.5,0.8000000000000003,1.0,L50,20.56,3.36
1.1,4.5,0.8000000000000003,1.0,L100,19.8,3.55
1.1,4.5,0.8000000000000003,1.5,L0,63.1,0.95
1.1,4.5,0.8000000000000003,1.5,L50,25.44,3.11
1.1,4.5,0.8000000000000003,1.5,L100,31.9,3.1
1.1,4.5,0.8000000000000003,2.0,L0,53.78,0.67
1.1,4.5,0.8000000000000003,2.0,L50,45.56,1.75
1.1,4.5,0.8000000000000003,2.0,L100,35.58,3.81
1.1,4.5,0.8000000000000003,2.5,L0,64.58,1.38
1.1,4.5,0.8000000000000003,2.5,L50,59.82,1.14
1.1,4.5,0.8000000000000003,2.5,L100,42.86,2.86
1.1,4.5,0.8000000000000003,3.0,L0,67.46,1.0
1.1,4.5,0.8000000000000003,3.0,L50,59.5,0.9
1.1,4.5,0.8000000000000003,3.0,L100,50.52,2.35
1.1,4.5,0.8000000000000003,3.5,L0,71.76,1.8
1.1,4.5,0.8000000000000003,3.5,L50,48.14,0.58
1.1,4.5,0.8000000000000003,3.5,L100,64.48,2.12
1.1,4.5,0.8000000000000003,4.0,L0,47.28,0.94
1.1,4.5,0.8000000000000003,4.0,L50,54.0,0.5
1.1,4.5,0.8000000000000003,4.0,L100,58.76,1.18
1.1,4.5,0.8000000000000003,4.5,L0,52.02,1.15
1.1,4.5,0.8000000000000003,4.5,L50,59.32,0.58
1.1,4.5,0.8000000000000003,4.5,L100,70.18,0.73
1.1,4.5,0.8000000000000003,5.0,L0,58.04,1.56
1.1,4.5,0.8000000000000003,5.0,L50,49.88,0.94
1.1,4.5,0.8000000000000003,5.0,L100,66.04,0.53
1.1,4.5,0.8500000000000003,1.0,L0,70.38,1.72
1.1,4.5,0.8500000000000003,1.0,L50,20.76,3.48
1.1,4.5,0.8500000000000003,1.0,L100,19.16,3.29
1.1,4.5,0.8500000000000003,1.5,L0,64.38,1.12
1.1,4.5,0.8500000000000003,1.5,L50,31.78,2.85
1.1,4.5,0.8500000000000003,1.5,L100,20.04,3.01
1.1,4.5,0.8500000000000003,2.0,L0,59.7,0.8
1.1,4.5,0.8500000000000003,2.0,L50,53.32,1.44
1.1,4.5,0.8500000000000003,2.0,L100,36.62,3.64
1.1,4.5,0.8500000000000003,2.5,L0,67.26,1.05
1.1,4.5,0.8500000000000003,2.5,L50,64.2,0.72
1.1,4.5,0.8500000000000003,2.5,L100,52.52,3.19
1.1,4.5,0.8500000000000003,3.0,L0,68.8,1.44
1.1,4.5,0.8500000000000003,3.0,L50,57.54,0.77
1.1,4.5,0.8500000000000003,3.0,L100,52.18,1.94
1.1,4.5,0.8500000000000003,3.5,L0,59.5,0.86
1.1,4.5,0.8500000000000003,3.5,L50,53.18,0.62
1.1,4.5,0.8500000000000003,3.5,L100,62.14,1.94
1.1,4.5,0.8500000000000003,4.0,L0,51.66,0.77
1.1,4.5,0.8500000000000003,4.0,L50,50.22,0.55
1.1,4.5,0.8500000000000003,4.0,L100,54.92,0.76
1.1,4.5,0.8500000000000003,4.5,L0,55.96,1.03
1.1,4.5,0.8500000000000003,4.5,L50,62.14,1.12
1.1,4.5,0.8500000000000003,4.5,L100,67.44,0.92
1.1,4.5,0.8500000000000003,5.0,L0,54.7,1.34
1.1,4.5,0.8500000000000003,5.0,L50,44.88,0.79
1.1,4.5,0.8500000000000003,5.0,L100,56.22,0.58
1.1,4.5,0.9000000000000004,1.0,L0,68.68,1.31
1.1,4.5,0.9000000000000004,1.0,L50,19.64,3.37
1.1,4.5,0.9000000000000004,1.0,L100,19.98,3.39
1.1,4.5,0.9000000000000004,1.5,L0,65.82,0.77
1.1,4.5,0.9000000000000004,1.5,L50,31.36,3.11
1.1,4.5,0.9000000000000004,1.5,L100,23.68,3.39
1.1,4.5,0.9000000000000004,2.0,L0,57.78,0.93
1.1,4.5,0.9000000000000004,2.0,L50,60.98,1.36
1.1,4.5,0.9000000000000004,2.0,L100,33.78,3.16
1.1,4.5,0.9000000000000004,2.5,L0,64.92,0.97
1.1,4.5,0.9000000000000004,2.5,L50,71.46,0.87
1.1,4.5,0.9000000000000004,2.5,L100,50.6,3.19
1.1,4.5,0.9000000000000004,3.0,L0,64.32,1.08
1.1,4.5,0.9000000000000004,3.0,L50,67.84,0.85
1.1,4.5,0.9000000000000004,3.0,L100,66.4,1.94
1.1,4.5,0.9000000000000004,3.5,L0,65.76,0.95
1.1,4.5,0.9000000000000004,3.5,L50,43.14,0.51
1.1,4.5,0.9000000000000004,3.5,L100,78.3,1.35
1.1,4.5,0.9000000000000004,4.0,L0,56.64,1.28
1.1,4.5,0.9000000000000004,4.0,L50,57.48,0.63
1.1,4.5,0.9000000000000004,4.0,L100,61.28,0.93
1.1,4.5,0.9000000000000004,4.5,L0,55.72,1.34
1.1,4.5,0.9000000000000004,4.5,L50,61.9,0.77
1.1,4.5,0.9000000000000004,4.5,L100,73.28,0.73
1.1,4.5,0.9000000000000004,5.0,L0,60.16,1.46
1.1,4.5,0.9000000000000004,5.0,L50,52.62,0.76
1.1,4.5,0.9000000000000004,5.0,L100,63.98,0.71
1.1,4.5,0.9500000000000004,1.0,L0,76.12,1.63
1.1,4.5,0.9500000000000004,1.0,L50,18.52,3.47
1.1,4.5,0.9500000000000004,1.0,L100,19.68,3.4
1.1,4.5,0.9500000000000004,1.5,L0,67.12,1.21
1.1,4.5,0.9500000000000004,1.5,L50,36.94,2.86
1.1,4.5,0.9500000000000004,1.5,L100,19.28,2.78
1.1,4.5,0.9500000000000004,2.0,L0,68.44,1.19
1.1,4.5,0.9500000000000004,2.0,L50,54.68,1.18
1.1,4.5,0.9500000000000004,2.0,L100,43.22,3.51
1.1,4.5,0.9500000000000004,2.5,L0,63.92,1.49
1.1,4.5,0.9500000000000004,2.5,L50,69.08,0.76
1.1,4.5,0.9500000000000004,2.5,L100,59.78,2.66
1.1,4.5,0.9500000000000004,3.0,L0,64.42,1.83
1.1,4.5,0.9500000000000004,3.0,L50,61.72,0.56
1.1,4.5,0.9500000000000004,3.0,L100,76.02,1.53
1.1,4.5,0.9500000000000004,3.5,L0,65.84,1.53
1.1,4.5,0.9500000000000004,3.5,L50,44.14,0.67
1.1,4.5,0.9500000000000004,3.5,L100,68.9,1.11
1.1,4.5,0.9500000000000004,4.0,L0,61.96,1.81
1.1,4.5,0.9500000000000004,4.0,L50,51.24,1.24
1.1,4.5,0.9500000000000004,4.0,L100,70.84,0.71
1.1,4.5,0.9500000000000004,4.5,L0,54.66,1.23
1.1,4.5,0.9500000000000004,4.5,L50,62.46,1.04
1.1,4.5,0.9500000000000004,4.5,L100,70.46,0.67
1.1,4.5,0.9500000000000004,5.0,L0,60.02,1.62
1.1,4.5,0.9500000000000004,5.0,L50,50.94,0.71
1.1,4.5,0.9500000000000004,5.0,L100,65.26,0.52
1.1,4.5,1.0000000000000004,1.0,L0,73.08,1.22
1.1,4.5,1.0000000000000004,1.0,L50,18.4,3.62
1.1,4.5,1.0000000000000004,1.0,L100,19.0,3.5
1.1,4.5,1.0000000000000004,1.5,L0,67.8,0.96
1.1,4.5,1.0000000000000004,1.5,L50,44.66,2.47
1.1,4.5,1.0000000000000004,1.5,L100,22.42,2.62
1.1,4.5,1.0000000000000004,2.0,L0,68.6,0.91
1.1,4.5,1.0000000000000004,2.0,L50,63.94,0.81
1.1,4.5,1.0000000000000004,2.0,L100,52.24,1.94
1.1,4.5,1.0000000000000004,2.5,L0,61.54,1.33
1.1,4.5,1.0000000000000004,2.5,L50,69.16,0.85
1.1,4.5,1.0000000000000004,2.5,L100,69.4,1.6
1.1,4.5,1.0000000000000004,3.0,L0,56.54,1.45
1.1,4.5,1.0000000000000004,3.0,L50,68.62,0.52
1.1,4.5,1.0000000000000004,3.0,L100,70.1,0.93
1.1,4.5,1.0000000000000004,3.5,L0,75.64,1.57
1.1,4.5,1.0000000000000004,3.5,L50,53.88,0.7
1.1,4.5,1.0000000000000004,3.5,L100,62.06,0.91
1.1,4.5,1.0000000000000004,4.0,L0,62.1,1.32
1.1,4.5,1.0000000000000004,4.0,L50,60.16,1.69
1.1,4.5,1.0000000000000004,4.0,L100,68.94,0.89
1.1,4.5,1.0000000000000004,4.5,L0,64.98,1.14
1.1,4.5,1.0000000000000004,4.5,L50,56.34,0.98
1.1,4.5,1.0000000000000004,4.5,L100,68.58,0.71
1.1,4.5,1.0000000000000004,5.0,L0,61.82,1.62
1.1,4.5,1.0000000000000004,5.0,L50,48.9,0.59
1.1,4.5,1.0000000000000004,5.0,L100,75.3,0.73
1.1,5.0,0.5,1.0,L0,63.8,2.08
1.1,5.0,0.5,1.0,L50,28.52,3.68
1.1,5.0,0.5,1.0,L100,23.68,3.74
1.1,5.0,0.5,1.5,L0,60.68,1.23
1.1,5.0,0.5,1.5,L50,49.96,3.37
1.1,5.0,0.5,1.5,L100,51.28,3.23
1.1,5.0,0.5,2.0,L0,63.32,0.94
1.1,5.0,0.5,2.0,L50,52.3,2.48
1.1,5.0,0.5,2.0,L100,45.42,2.75
1.1,5.0,0.5,2.5,L0,66.88,1.15
1.1,5.0,0.5,2.5,L50,63.86,2.23
1.1,5.0,0.5,2.5,L100,53.88,3.36
1.1,5.0,0.5,3.0,L0,83.06,1.07
1.1,5.0,0.5,3.0,L50,67.72,1.97
1.1,5.0,0.5,3.0,L100,50.36,3.4
1.1,5.0,0.5,3.5,L0,73.64,1.23
1.1,5.0,0.5,3.5,L50,67.9,1.16
1.1,5.0,0.5,3.5,L100,47.6,2.74
1.1,5.0,0.5,4.0,L0,66.42,1.05
1.1,5.0,0.5,4.0,L50,57.64,0.73
1.1,5.0,0.5,4.0,L100,49.24,2.34
1.1,5.0,0.5,4.5,L0,65.02,1.48
1.1,5.0,0.5,4.5,L50,49.46,0.98
1.1,5.0,0.5,4.5,L100,58.92,1.67
1.1,5.0,0.5,5.0,L0,57.18,0.87
1.1,5.0,0.5,5.0,L50,55.2,1.25
1.1,5.0,0.5,5.0,L100,64.04,1.83
1.1,5.0,0.55,1.0,L0,68.12,2.11
1.1,5.0,0.55,1.0,L50,24.12,4.0
1.1,5.0,0.55,1.0,L100,23.28,3.49
1.1,5.0,0.55,1.5,L0,68.78,1.06
1.1,5.0,0.55,1.5,L50,51.36,3.04
1.1,5.0,0.55,1.5,L100,48.2,3.64
1.1,5.0,0.55,2.0,L0,65.76,0.98
1.1,5.0,0.55,2.0,L50,47.0,2.46
1.1,5.0,0.55,2.0,L100,46.92,3.33
1.1,5.0,0.55,2.5,L0,72.02,1.11
1.1,5.0,0.55,2.5,L50,52.46,2.43
1.1,5.0,0.55,2.5,L100,46.96,2.9
1.1,5.0,0.55,3.0,L0,82.18,1.37
1.1,5.0,0.55,3.0,L50,73.96,1.61
1.1,5.0,0.55,3.0,L100,35.58,2.84
1.1,5.0,0.55,3.5,L0,76.0,1.42
1.1,5.0,0.55,3.5,L50,68.4,1.15
1.1,5.0,0.55,3.5,L100,44.42,2.47
1.1,5.0,0.55,4.0,L0,74.1,1.44
1.1,5.0,0.55,4.0,L50,54.7,1.07
1.1,5.0,0.55,4.0,L100,52.14,1.77
1.1,5.0,0.55,4.5,L0,72.8,1.69
1.1,5.0,0.55,4.5,L50,53.2,1.19
1.1,5.0,0.55,4.5,L100,57.34,2.08
1.1,5.0,0.55,5.0,L0,62.14,0.79
1.1,5.0,0.55,5.0,L50,51.44,0.72
1.1,5.0,0.55,5.0,L100,58.8,1.37
1.1,5.0,0.6000000000000001,1.0,L0,65.36,2.03
1.1,5.0,0.6000000000000001,1.0,L50,22.22,3.81
1.1,5.0,0.6000000000000001,1.0,L100,21.52,3.3
1.1,5.0,0.6000000000000001,1.5,L0,72.22,1.28
1.1,5.0,0.6000000000000001,1.5,L50,45.02,3.56
1.1,5.0,0.6000000000000001,1.5,L100,44.4,3.44
1.1,5.0,0.6000000000000001,2.0,L0,68.0,0.87
1.1,5.0,0.6000000000000001,2.0,L50,47.02,2.22
1.1,5.0,0.6000000000000001,2.0,L100,38.32,2.61
1.1,5.0,0.6000000000000001,2.5,L0,67.84,1.38
1.1,5.0,0.6000000000000001,2.5,L50,55.7,2.4
1.1,5.0,0.6000000000000001,2.5,L100,36.08,3.73
1.1,5.0,0.6000000000000001,3.0,L0,71.36,1.17
1.1,5.0,0.6000000000000001,3.0,L50,72.68,1.05
1.1,5.0,0.6000000000000001,3.0,L100,44.3,2.98
1.1,5.0,0.6000000000000001,3.5,L0,81.12,1.46
1.1,5.0,0.6000000000000001,3.5,L50,74.58,1.03
1.1,5.0,0.6000000000000001,3.5,L100,51.94,3.04
1.1,5.0,0.6000000000000001,4.0,L0,65.0,1.11
1.1,5.0,0.6000000000000001,4.0,L50,51.52,0.86
1.1,5.0,0.6000000000000001,4.0,L100,58.08,1.95
1.1,5.0,0.6000000000000001,4.5,L0,70.56,0.82
1.1,5.0,0.6000000000000001,4.5,L50,51.54,0.95
1.1,5.0,0.6000000000000001,4.5,L100,61.82,1.73
1.1,5.0,0.6000000000000001,5.0,L0,59.08,1.52
1.1,5.0,0.6000000000000001,5.0,L50,57.3,0.87
1.1,5.0,0.6000000000000001,5.0,L100,55.6,1.24
1.1,5.0,0.6500000000000001,1.0,L0,67.04,2.03
1.1,5.0,0.6500000000000001,1.0,L50,18.88,3.71
1.1,5.0,0.6500000000000001,1.0,L100,21.98,3.37
1.1,5.0,0.6500000000000001,1.5,L0,73.0,1.32
1.1,5.0,0.6500000000000001,1.5,L50,45.26,3.3
1.1,5.0,0.6500000000000001,1.5,L100,33.22,3.13
1.1,5.0,0.6500000000000001,2.0,L0,65.18,1.09
1.1,5.0,0.6500000000000001,2.0,L50,41.28,2.98
1.1,5.0,0.6500000000000001,2.0,L100,35.46,3.2
1.1,5.0,0.6500000000000001,2.5,L0,64.42,0.87
1.1,5.0,0.6500000000000001,2.5,L50,56.58,1.68
1.1,5.0,0.6500000000000001,2.5,L100,37.16,3.04
1.1,5.0,0.6500000000000001,3.0,L0,60.52,0.91
1.1,5.0,0.6500000000000001,3.0,L50,71.56,1.36
1.1,5.0,0.6500000000000001,3.0,L100,47.14,2.65
1.1,5.0,0.6500000000000001,3.5,L0,73.82,0.8
1.1,5.0,0.6500000000000001,3.5,L50,68.44,0.84
1.1,5.0,0.6500000000000001,3.5,L100,47.36,1.94
1.1,5.0,0.6500000000000001,4.0,L0,66.66,0.9
1.1,5.0,0.6500000000000001,4.0,L50,58.82,1.02
1.1,5.0,0.6500000000000001,4.0,L100,60.24,1.86
1.1,5.0,0.6500000000000001,4.5,L0,68.0,1.01
1.1,5.0,0.6500000000000001,4.5,L50,58.9,0.8
1.1,5.0,0.6500000000000001,4.5,L100,57.76,1.33
1.1,5.0,0.6500000000000001,5.0,L0,63.48,1.34
1.1,5.0,0.6500000000000001,5.0,L50,52.64,0.77
1.1,5.0,0.6500000000000001,5.0,L100,58.72,1.32
1.1,5.0,0.7000000000000002,1.0,L0,69.32,1.71
1.1,5.0,0.7000000000000002,1.0,L50,19.7,3.33
1.1,5.0,0.7000000000000002,1.0,L100,20.02,3.64
1.1,5.0,0.7000000000000002,1.5,L0,76.22,1.33
1.1,5.0,0.7000000000000002,1.5,L50,33.84,2.98
1.1,5.0,0.7000000000000002,1.5,L100,37.94,3.08
1.1,5.0,0.7000000000000002,2.0,L0,61.46,0.99
1.1,5.0,0.7000000000000002,2.0,L50,42.74,2.6
1.1,5.0,0.7000000000000002,2.0,L100,33.68,3.63
1.1,5.0,0.7000000000000002,2.5,L0,63.32,1.41
1.1,5.0,0.7000000000000002,2.5,L50,65.8,1.43
1.1,5.0,0.7000000000000002,2.5,L100,44.78,3.5
1.1,5.0,0.7000000000000002,3.0,L0,62.1,1.63
1.1,5.0,0.7000000000000002,3.0,L50,69.02,0.83
1.1,5.0,0.7000000000000002,3.0,L100,39.46,2.93
1.1,5.0,0.7000000000000002,3.5,L0,69.42,1.07
1.1,5.0,0.7000000000000002,3.5,L50,69.48,1.21
1.1,5.0,0.7000000000000002,3.5,L100,52.66,1.68
1.1,5.0,0.7000000000000002,4.0,L0,64.92,1.09
1.1,5.0,0.7000000000000002,4.0,L50,55.74,0.65
1.1,5.0,0.7000000000000002,4.0,L100,68.84,1.94
1.1,5.0,0.7000000000000002,4.5,L0,67.54,1.56
1.1,5.0,0.7000000000000002,4.5,L50,65.1,1.06
1.1,5.0,0.7000000000000002,4.5,L100,65.18,1.0
1.1,5.0,0.7000000000000002,5.0,L0,48.12,1.35
1.1,5.0,0.7000000000000002,5.0,L50,58.34,0.64
1.1,5.0,0.7000000000000002,5.0,L100,55.0,0.86
1.1,5.0,0.7500000000000002,1.0,L0,72.88,1.71
1.1,5.0,0.7500000000000002,1.0,L50,20.4,3.63
1.1,5.0,0.7500000000000002,1.0,L100,20.0,3.33
1.1,5.0,0.7500000000000002,1.5,L0,71.98,1.35
1.1,5.0,0.7500000000000002,1.5,L50,30.5,3.5
1.1,5.0,0.7500000000000002,1.5,L100,30.38,3.47
1.1,5.0,0.7500000000000002,2.0,L0,61.52,1.21
1.1,5.0,0.7500000000000002,2.0,L50,49.36,2.61
1.1,5.0,0.7500000000000002,2.0,L100,33.08,3.43
1.1,5.0,0.7500000000000002,2.5,L0,64.18,1.14
1.1,5.0,0.7500000000000002,2.5,L50,64.94,1.67
1.1,5.0,0.7500000000000002,2.5,L100,40.58,3.15
1.1,5.0,0.7500000000000002,3.0,L0,64.54,1.22
1.1,5.0,0.7500000000000002,3.0,L50,73.94,0.95
1.1,5.0,0.7500000000000002,3.0,L100,38.1,2.16
1.1,5.0,0.7500000000000002,3.5,L0,65.7,1.68
1.1,5.0,0.7500000000000002,3.5,L50,70.38,0.97
1.1,5.0,0.7500000000000002,3.5,L100,49.6,1.65
1.1,5.0,0.7500000000000002,4.0,L0,75.14,1.31
1.1,5.0,0.7500000000000002,4.0,L50,62.1,1.07
1.1,5.0,0.7500000000000002,4.0,L100,55.46,1.67
1.1,5.0,0.7500000000000002,4.5,L0,57.3,2.21
1.1,5.0,0.7500000000000002,4.5,L50,57.52,0.9
1.1,5.0,0.7500000000000002,4.5,L100,58.76,1.14
1.1,5.0,0.7500000000000002,5.0,L0,53.28,0.93
1.1,5.0,0.7500000000000002,5.0,L50,56.0,0.72
1.1,5.0,0.7500000000000002,5.0,L100,61.42,0.9
1.1,5.0,0.8000000000000003,1.0,L0,74.56,1.49
1.1,5.0,0.8000000000000003,1.0,L50,19.44,3.65
1.1,5.0,0.8000000000000003,1.0,L100,21.26,4.1
1.1,5.0,0.8000000000000003,1.5,L0,75.1,1.3
1.1,5.0,0.8000000000000003,1.5,L50,31.5,3.1
1.1,5.0,0.8000000000000003,1.5,L100,25.86,3.36
1.1,5.0,0.8000000000000003,2.0,L0,66.32,1.21
1.1,5.0,0.8000000000000003,2.0,L50,45.62,2.76
1.1,5.0,0.8000000000000003,2.0,L100,31.4,3.61
1.1,5.0,0.8000000000000003,2.5,L0,67.26,1.18
1.1,5.0,0.8000000000000003,2.5,L50,84.46,1.13
1.1,5.0,0.8000000000000003,2.5,L100,35.72,3.29
1.1,5.0,0.8000000000000003,3.0,L0,70.38,1.67
1.1,5.0,0.8000000000000003,3.0,L50,67.0,1.13
1.1,5.0,0.8000000000000003,3.0,L100,51.04,1.94
1.1,5.0,0.8000000000000003,3.5,L0,64.52,1.02
1.1,5.0,0.8000000000000003,3.5,L50,58.92,0.82
1.1,5.0,0.8000000000000003,3.5,L100,57.8,1.8
1.1,5.0,0.8000000000000003,4.0,L0,70.46,1.65
1.1,5.0,0.8000000000000003,4.0,L50,52.04,1.02
1.1,5.0,0.8000000000000003,4.0,L100,68.0,1.43
1.1,5.0,0.8000000000000003,4.5,L0,56.32,1.11
1.1,5.0,0.8000000000000003,4.5,L50,67.9,1.38
1.1,5.0,0.8000000000000003,4.5,L100,65.24,0.68
1.1,5.0,0.8000000000000003,5.0,L0,55.56,1.22
1.1,5.0,0.8000000000000003,5.0,L50,59.98,0.63
1.1,5.0,0.8000000000000003,5.0,L100,62.18,0.65
1.1,5.0,0.8500000000000003,1.0,L0,69.88,1.73
1.1,5.0,0.8500000000000003,1.0,L50,18.96,3.91
1.1,5.0,0.8500000000000003,1.0,L100,19.44,3.2
1.1,5.0,0.8500000000000003,1.5,L0,67.18,1.36
1.1,5.0,0.8500000000000003,1.5,L50,29.5,3.83
1.1,5.0,0.8500000000000003,1.5,L100,22.78,3.27
1.1,5.0,0.8500000000000003,2.0,L0,70.02,1.08
1.1,5.0,0.8500000000000003,2.0,L50,49.74,2.35
1.1,5.0,0.8500000000000003,2.0,L100,34.04,3.44
1.1,5.0,0.8500000000000003,2.5,L0,67.62,1.35
1.1,5.0,0.8500000000000003,2.5,L50,74.08,1.08
1.1,5.0,0.8500000000000003,2.5,L100,41.34,2.66
1.1,5.0,0.8500000000000003,3.0,L0,68.6,1.51
1.1,5.0,0.8500000000000003,3.0,L50,67.32,1.32
1.1,5.0,0.8500000000000003,3.0,L100,57.96,1.8
1.1,5.0,0.8500000000000003,3.5,L0,62.6,1.48
1.1,5.0,0.8500000000000003,3.5,L50,59.88,1.04
1.1,5.0,0.8500000000000003,3.5,L100,59.76,2.19
1.1,5.0,0.8500000000000003,4.0,L0,61.86,1.87
1.1,5.0,0.8500000000000003,4.0,L50,57.38,1.5
1.1,5.0,0.8500000000000003,4.0,L100,69.52,1.04
1.1,5.0,0.8500000000000003,4.5,L0,65.44,2.05
1.1,5.0,0.8500000000000003,4.5,L50,60.48,0.97
1.1,5.0,0.8500000000000003,4.5,L100,57.72,0.81
1.1,5.0,0.8500000000000003,5.0,L0,67.54,1.89
1.1,5.0,0.8500000000000003,5.0,L50,62.18,0.64
1.1,5.0,0.8500000000000003,5.0,L100,72.52,0.83
1.1,5.0,0.9000000000000004,1.0,L0,80.6,1.71
1.1,5.0,0.9000000000000004,1.0,L50,18.88,3.82
1.1,5.0,0.9000000000000004,1.0,L100,20.24,3.55
1.1,5.0,0.9000000000000004,1.5,L0,73.22,1.34
1.1,5.0,0.9000000000000004,1.5,L50,27.48,3.16
1.1,5.0,0.9000000000000004,1.5,L100,19.38,3.22
1.1,5.0,0.9000000000000004,2.0,L0,62.52,1.16
1.1,5.0,0.9000000000000004,2.0,L50,61.42,2.17
1.1,5.0,0.9000000000000004,2.0,L100,35.76,3.72
1.1,5.0,0.9000000000000004,2.5,L0,59.9,1.44
1.1,5.0,0.9000000000000004,2.5,L50,70.3,1.13
1.1,5.0,0.9000000000000004,2.5,L100,46.22,2.97
1.1,5.0,0.9000000000000004,3.0,L0,78.6,1.47
1.1,5.0,0.9000000000000004,3.0,L50,70.26,1.3
1.1,5.0,0.9000000000000004,3.0,L100,57.68,2.45
1.1,5.0,0.9000000000000004,3.5,L0,70.14,1.47
1.1,5.0,0.9000000000000004,3.5,L50,61.5,1.23
1.1,5.0,0.9000000000000004,3.5,L100,70.8,1.62
1.1,5.0,0.9000000000000004,4.0,L0,71.36,2.0
1.1,5.0,0.9000000000000004,4.0,L50,58.94,1.44
1.1,5.0,0.9000000000000004,4.0,L100,70.02,1.01
1.1,5.0,0.9000000000000004,4.5,L0,64.88,1.22
1.1,5.0,0.9000000000000004,4.5,L50,72.66,1.13
1.1,5.0,0.9000000000000004,4.5,L100,75.84,1.0
1.1,5.0,0.9000000000000004,5.0,L0,64.38,1.95
1.1,5.0,0.9000000000000004,5.0,L50,64.76,1.28
1.1,5.0,0.9000000000000004,5.0,L100,63.36,0.56
1.1,5.0,0.9500000000000004,1.0,L0,73.36,1.12
1.1,5.0,0.9500000000000004,1.0,L50,20.04,3.38
1.1,5.0,0.9500000000000004,1.0,L100,18.88,3.71
1.1,5.0,0.9500000000000004,1.5,L0,70.2,1.15
1.1,5.0,0.9500000000000004,1.5,L50,38.56,2.65
1.1,5.0,0.9500000000000004,1.5,L100,20.76,3.77
1.1,5.0,0.9500000000000004,2.0,L0,68.6,1.24
1.1,5.0,0.9500000000000004,2.0,L50,65.08,2.04
1.1,5.0,0.9500000000000004,2.0,L100,44.08,3.83
1.1,5.0,0.9500000000000004,2.5,L0,64.54,1.33
1.1,5.0,0.9500000000000004,2.5,L50,73.5,1.04
1.1,5.0,0.9500000000000004,2.5,L100,62.96,2.73
1.1,5.0,0.9500000000000004,3.0,L0,66.38,1.44
1.1,5.0,0.9500000000000004,3.0,L50,66.08,0.89
1.1,5.0,0.9500000000000004,3.0,L100,81.56,2.34
1.1,5.0,0.9500000000000004,3.5,L0,70.42,1.71
1.1,5.0,0.9500000000000004,3.5,L50,61.86,1.12
1.1,5.0,0.9500000000000004,3.5,L100,69.6,1.74
1.1,5.0,0.9500000000000004,4.0,L0,69.22,1.16
1.1,5.0,0.9500000000000004,4.0,L50,60.6,1.18
1.1,5.0,0.9500000000000004,4.0,L100,73.12,1.09
1.1,5.0,0.9500000000000004,4.5,L0,58.48,1.35
1.1,5.0,0.9500000000000004,4.5,L50,68.12,1.23
1.1,5.0,0.9500000000000004,4.5,L100,73.24,0.81
1.1,5.0,0.9500000000000004,5.0,L0,61.78,1.56
1.1,5.0,0.9500000000000004,5.0,L50,69.6,1.32
1.1,5.0,0.9500000000000004,5.0,L100,65.22,0.66
1.1,5.0,1.0000000000000004,1.0,L0,80.18,1.09
1.1,5.0,1.0000000000000004,1.0,L50,19.32,3.55
1.1,5.0,1.0000000000000004,1.0,L100,19.56,3.98
1.1,5.0,1.0000000000000004,1.5,L0,80.9,1.32
1.1,5.0,1.0000000000000004,1.5,L50,39.38,2.68
1.1,5.0,1.0000000000000004,1.5,L100,18.36,2.8
1.1,5.0,1.0000000000000004,2.0,L0,76.78,1.49
1.1,5.0,1.0000000000000004,2.0,L50,69.46,1.34
1.1,5.0,1.0000000000000004,2.0,L100,49.0,2.49
1.1,5.0,1.0000000000000004,2.5,L0,57.44,1.01
1.1,5.0,1.0000000000000004,2.5,L50,72.9,0.82
1.1,5.0,1.0000000000000004,2.5,L100,68.5,2.03
1.1,5.0,1.0000000000000004,3.0,L0,75.6,1.67
1.1,5.0,1.0000000000000004,3.0,L50,66.8,1.15
1.1,5.0,1.0000000000000004,3.0,L100,76.04,1.4
1.1,5.0,1.0000000000000004,3.5,L0,62.36,1.02
1.1,5.0,1.0000000000000004,3.5,L50,59.86,1.03
1.1,5.0,1.0000000000000004,3.5,L100,66.3,1.1
1.1,5.0,1.0000000000000004,4.0,L0,69.94,1.08
1.1,5.0,1.0000000000000004,4.0,L50,58.3,1.43
1.1,5.0,1.0000000000000004,4.0,L100,79.66,1.19
1.1,5.0,1.0000000000000004,4.5,L0,67.06,1.33
1.1,5.0,1.0000000000000004,4.5,L50,63.94,1.25
1.1,5.0,1.0000000000000004,4.5,L100,69.02,0.78
1.1,5.0,1.0000000000000004,5.0,L0,68.16,1.63
1.1,5.0,1.0000000000000004,5.0,L50,58.44,1.1
1.1,5.0,1.0000000000000004,5.0,L100,63.9,0.75
